B01003_001E,NAME,GEOID,american indian area/alaska native area/hawaiian home land
3195,"Acoma Pueblo and Off-Reservation Trust Land, NM",25000US0010,0010
25008,"Agua Caliente Indian Reservation and Off-Reservation Trust Land, CA",25000US0020,0020
521,"Alabama-Coushatta Reservation and Off-Reservation Trust Land, TX",25000US0050,0050
6379,"Allegany Reservation, NY",25000US0080,0080
0,"Alturas Indian Rancheria, CA",25000US0095,0095
1622,"Annette Island Reserve, AK",25000US0110,0110
276,"Aroostook Band of Micmac Trust Land, ME",25000US0115,0115
0,"Auburn Rancheria and Off-Reservation Trust Land, CA",25000US0120,0120
0,"Augustine Reservation, CA",25000US0125,0125
1394,"Bad River Reservation, WI",25000US0140,0140
716,"Barona Reservation, CA",25000US0155,0155
184,"Battle Mountain Reservation, NV",25000US0165,0165
1143,"Bay Mills Reservation and Off-Reservation Trust Land, MI",25000US0170,0170
42,"Benton Paiute Reservation and Off-Reservation Trust Land, CA",25000US0185,0185
125,"Berry Creek Rancheria and Off-Reservation Trust Land, CA",25000US0200,0200
0,"Big Bend Rancheria, CA",25000US0215,0215
636,"Big Cypress Reservation, FL",25000US0225,0225
6,"Big Lagoon Rancheria, CA",25000US0240,0240
462,"Big Pine Reservation, CA",25000US0250,0250
201,"Big Sandy Rancheria, CA",25000US0265,0265
186,"Big Valley Rancheria, CA",25000US0275,0275
1827,"Bishop Reservation, CA",25000US0290,0290
10994,"Blackfeet Indian Reservation and Off-Reservation Trust Land, MT",25000US0305,0305
77,"Blue Lake Rancheria and Off-Reservation Trust Land, CA",25000US0325,0325
946,"Bois Forte Reservation, MN",25000US0335,0335
97,"Bridgeport Reservation, CA",25000US0350,0350
690,"Brighton Reservation, FL",25000US0360,0360
162,"Burns Paiute Indian Colony and Off-Reservation Trust Land, OR",25000US0400,0400
808,"Cabazon Reservation, CA",25000US0415,0415
99,"Cahuilla Reservation, CA",25000US0435,0435
493,"Campbell Ranch, NV",25000US0440,0440
374,"Campo Indian Reservation, CA",25000US0450,0450
0,"Capitan Grande Reservation, CA",25000US0495,0495
238,"Carson Colony, NV",25000US0510,0510
934,"Catawba Reservation, SC",25000US0525,0525
2341,"Cattaraugus Reservation, NY",25000US0540,0540
13,"Cedarville Rancheria and Off-Reservation Trust Land, CA",25000US0555,0555
65,"Celilo Village, OR",25000US0560,0560
847,"Chehalis Reservation and Off-Reservation Trust Land, WA",25000US0575,0575
345,"Chemehuevi Reservation, CA",25000US0585,0585
8334,"Cheyenne River Reservation and Off-Reservation Trust Land, SD",25000US0605,0605
0,"Chicken Ranch Rancheria and Off-Reservation Trust Land, CA",25000US0620,0620
639,"Chitimacha Reservation, LA",25000US0635,0635
1617,"Pueblo de Cochiti, NM",25000US0680,0680
0,"Coconut Creek Trust Land, FL",25000US0690,0690
1172,"Cocopah Reservation, AZ",25000US0695,0695
6921,"Coeur d'Alene Reservation, ID",25000US0705,0705
238,"Cold Springs Rancheria, CA",25000US0720,0720
9188,"Colorado River Indian Reservation, AZ--CA",25000US0735,0735
130,"Colusa Rancheria, CA",25000US0750,0750
7706,"Colville Reservation and Off-Reservation Trust Land, WA",25000US0760,0760
75,"Coos, Lower Umpqua, and Siuslaw Reservation and Off-Reservation Trust Land, OR",25000US0770,0770
474,"Coquille Reservation, OR",25000US0775,0775
44,"Cortina Indian Rancheria, CA",25000US0780,0780
76,"Coushatta Reservation and Off-Reservation Trust Land, LA",25000US0795,0795
75,"Cow Creek Reservation and Off-Reservation Trust Land, OR",25000US0815,0815
188,"Coyote Valley Reservation, CA",25000US0825,0825
6929,"Crow Reservation and Off-Reservation Trust Land, MT",25000US0845,0845
2077,"Crow Creek Reservation, SD",25000US0855,0855
325,"Dresslerville Colony, NV",25000US0940,0940
0,"Dry Creek Rancheria and Off-Reservation Trust Land, CA",25000US0955,0955
1541,"Duck Valley Reservation, NV--ID",25000US0965,0965
289,"Duckwater Reservation, NV",25000US0975,0975
9773,"Eastern Cherokee Reservation, NC",25000US0990,0990
858,"Elko Colony, NV",25000US1005,1005
115,"Elk Valley Rancheria and Off-Reservation Trust Land, CA",25000US1010,1010
139,"Ely Reservation, NV",25000US1040,1040
1,"Enterprise Rancheria, CA",25000US1055,1055
0,"Ewiiaapaayp Reservation, CA",25000US1065,1065
261,"Fallon Paiute-Shoshone Colony and Off-Reservation Trust Land, NV",25000US1070,1070
615,"Fallon Paiute-Shoshone Reservation and Off-Reservation Trust Land, NV",25000US1075,1075
482,"Flandreau Reservation, SD",25000US1100,1100
29031,"Flathead Reservation, MT",25000US1110,1110
3924,"Fond du Lac Reservation and Off-Reservation Trust Land, MN--WI",25000US1125,1125
602,"Forest County Potawatomi Community and Off-Reservation Trust Land, WI",25000US1135,1135
14748,"Fort Apache Reservation, AZ",25000US1140,1140
3025,"Fort Belknap Reservation and Off-Reservation Trust Land, MT",25000US1150,1150
7190,"Fort Berthold Reservation, ND",25000US1160,1160
97,"Fort Bidwell Reservation and Off-Reservation Trust Land, CA",25000US1170,1170
5896,"Fort Hall Reservation and Off-Reservation Trust Land, ID",25000US1185,1185
131,"Fort Independence Reservation, CA",25000US1195,1195
570,"Fort McDermitt Indian Reservation, NV--OR",25000US1210,1210
1032,"Fort McDowell Yavapai Nation Reservation, AZ",25000US1220,1220
1756,"Fort Mojave Reservation and Off-Reservation Trust Land, AZ--CA--NV",25000US1235,1235
10262,"Fort Peck Indian Reservation and Off-Reservation Trust Land, MT",25000US1250,1250
34,"Fort Pierce Reservation, FL",25000US1260,1260
0,"Fort Sill Apache Indian Reservation, NM",25000US1270,1270
1813,"Fort Yuma Indian Reservation, CA--AZ",25000US1280,1280
13661,"Gila River Indian Reservation, AZ",25000US1310,1310
120,"Goshute Reservation, NV--UT",25000US1340,1340
549,"Grand Portage Reservation and Off-Reservation Trust Land, MN",25000US1355,1355
408,"Grand Ronde Community and Off-Reservation Trust Land, OR",25000US1365,1365
717,"Grand Traverse Reservation and Off-Reservation Trust Land, MI",25000US1370,1370
21,"Greenville Rancheria, CA",25000US1380,1380
195,"Grindstone Indian Rancheria, CA",25000US1395,1395
20,"Guidiville Rancheria and Off-Reservation Trust Land, CA",25000US1400,1400
535,"Hannahville Indian Community and Off-Reservation Trust Land, MI",25000US1410,1410
126,"Havasupai Reservation, AZ",25000US1440,1440
1883,"Ho-Chunk Nation Reservation and Off-Reservation Trust Land, WI--MN",25000US1450,1450
164,"Hoh Indian Reservation and Off-Reservation Trust Land, WA",25000US1460,1460
1503,"Hollywood Reservation, FL",25000US1475,1475
3115,"Hoopa Valley Reservation, CA",25000US1490,1490
8287,"Hopi Reservation and Off-Reservation Trust Land, AZ",25000US1505,1505
362,"Hopland Rancheria, CA",25000US1515,1515
230,"Houlton Maliseet Reservation and Off-Reservation Trust Land, ME",25000US1530,1530
1146,"Hualapai Indian Reservation and Off-Reservation Trust Land, AZ",25000US1545,1545
50,"Huron Potawatomi Reservation and Off-Reservation Trust Land, MI",25000US1550,1550
220,"Immokalee Reservation, FL",25000US1555,1555
0,"Inaja and Cosmit Reservation, CA",25000US1560,1560
769,"Indian Township Reservation, ME",25000US1575,1575
238,"Iowa (KS-NE) Reservation and Off-Reservation Trust Land, KS--NE",25000US1590,1590
26468,"Isabella Reservation and Off-Reservation Trust Land, MI",25000US1610,1610
3744,"Isleta Pueblo, NM",25000US1625,1625
0,"Jackson Rancheria, CA",25000US1640,1640
43,"Jamestown S'Klallam Reservation and Off-Reservation Trust Land, WA",25000US1655,1655
0,"Jamul Indian Village, CA",25000US1670,1670
1910,"Jemez Pueblo, NM",25000US1685,1685
0,"Jena Band of Choctaw Reservation, LA",25000US1690,1690
3092,"Jicarilla Apache Nation Reservation and Off-Reservation Trust Land, NM",25000US1700,1700
277,"Kaibab Indian Reservation, AZ",25000US1720,1720
295,"Kalispel Reservation and Off-Reservation Trust Land, WA",25000US1735,1735
468,"Karuk Reservation and Off-Reservation Trust Land, CA",25000US1750,1750
4343,"Kickapoo (KS) Reservation, KS",25000US1770,1770
355,"Kickapoo (TX) Reservation, TX",25000US1775,1775
23,"Klamath Reservation, OR",25000US1785,1785
45,"Kootenai Reservation and Off-Reservation Trust Land, ID",25000US1800,1800
3023,"Lac Courte Oreilles Reservation and Off-Reservation Trust Land, WI",25000US1815,1815
3476,"Lac du Flambeau Reservation, WI",25000US1825,1825
198,"Lac Vieux Desert Reservation, MI",25000US1830,1830
4051,"Laguna Pueblo and Off-Reservation Trust Land, NM",25000US1840,1840
439,"La Jolla Reservation, CA",25000US1850,1850
11185,"Lake Traverse Reservation and Off-Reservation Trust Land, SD--ND",25000US1860,1860
2952,"L'Anse Reservation and Off-Reservation Trust Land, MI",25000US1880,1880
55,"La Posta Indian Reservation, CA",25000US1895,1895
143,"Las Vegas Indian Colony, NV",25000US1915,1915
320,"Laytonville Rancheria, CA",25000US1925,1925
10848,"Leech Lake Reservation and Off-Reservation Trust Land, MN",25000US1940,1940
0,"Likely Rancheria, CA",25000US1955,1955
106,"Little River Reservation and Off-Reservation Trust Land, MI",25000US1960,1960
82,"Little Traverse Bay Reservation and Off-Reservation Trust Land, MI",25000US1963,1963
220,"Lone Pine Reservation, CA",25000US1970,1970
7,"Lookout Rancheria, CA",25000US1980,1980
67,"Los Coyotes Reservation, CA",25000US1995,1995
89,"Lovelock Indian Colony, NV",25000US2015,2015
1582,"Lower Brule Reservation and Off-Reservation Trust Land, SD",25000US2030,2030
799,"Lower Elwha Reservation and Off-Reservation Trust Land, WA",25000US2040,2040
381,"Lower Sioux Indian Community, MN",25000US2055,2055
4957,"Lummi Reservation, WA",25000US2070,2070
0,"Lytton Rancheria, CA",25000US2075,2075
1611,"Makah Indian Reservation, WA",25000US2085,2085
406,"Manchester-Point Arena Rancheria, CA",25000US2100,2100
70,"Manzanita Reservation and Off-Reservation Trust Land, CA",25000US2115,2115
1363,"Maricopa (Ak Chin) Indian Reservation, AZ",25000US2130,2130
236,"Mashantucket Pequot Reservation and Off-Reservation Trust Land, CT",25000US2145,2145
0,"Match-e-be-nash-she-wish Band of Pottawatomi Reservation, MI",25000US2150,2150
3686,"Menominee Reservation and Off-Reservation Trust Land, WI",25000US2175,2175
159,"Mesa Grande Reservation, CA",25000US2190,2190
3771,"Mescalero Reservation, NM",25000US2205,2205
8,"Miccosukee Reservation and Off-Reservation Trust Land, FL",25000US2240,2240
9,"Middletown Rancheria, CA",25000US2255,2255
4875,"Mille Lacs Reservation and Off-Reservation Trust Land, MN",25000US2270,2270
70,"Minnesota Chippewa Trust Land, MN",25000US2285,2285
7817,"Mississippi Choctaw Reservation and Off-Reservation Trust Land, MS",25000US2300,2300
224,"Moapa River Indian Reservation, NV",25000US2315,2315
77,"Mohegan Reservation and Off-Reservation Trust Land, CT",25000US2320,2320
0,"Montgomery Creek Rancheria, CA",25000US2330,2330
259,"Mooretown Rancheria and Off-Reservation Trust Land, CA",25000US2340,2340
562,"Morongo Reservation and Off-Reservation Trust Land, CA",25000US2360,2360
4049,"Muckleshoot Reservation and Off-Reservation Trust Land, WA",25000US2375,2375
1915,"Nambe Pueblo and Off-Reservation Trust Land, NM",25000US2400,2400
29,"Narragansett Reservation, RI",25000US2415,2415
175462,"Navajo Nation Reservation and Off-Reservation Trust Land, AZ--NM--UT",25000US2430,2430
18654,"Nez Perce Reservation, ID",25000US2445,2445
655,"Nisqually Reservation, WA",25000US2460,2460
1080,"Nooksack Reservation and Off-Reservation Trust Land, WA",25000US2475,2475
4785,"Northern Cheyenne Indian Reservation and Off-Reservation Trust Land, MT--SD",25000US2490,2490
108,"North Fork Rancheria and Off-Reservation Trust Land, CA",25000US2495,2495
0,"Northwestern Shoshone Reservation, UT",25000US2505,2505
7188,"Ohkay Owingeh, NM",25000US2510,2510
15,"Oil Springs Reservation, NY",25000US2535,2535
4638,"Omaha Reservation, NE--IA",25000US2550,2550
0,"Oneida Nation Reservation, NY",25000US2555,2555
24086,"Oneida (WI) Reservation and Off-Reservation Trust Land, WI",25000US2560,2560
184,"Onondaga Nation Reservation, NY",25000US2570,2570
0,"Ontonagon Reservation, MI",25000US2580,2580
47937,"Osage Reservation, OK",25000US2595,2595
281,"Paiute (UT) Reservation, UT",25000US2625,2625
1301,"Pala Reservation, CA",25000US2635,2635
3863,"Pascua Pueblo Yaqui Reservation and Off-Reservation Trust Land, AZ",25000US2680,2680
0,"Paskenta Rancheria, CA",25000US2685,2685
301,"Passamaquoddy Trust Land, ME",25000US2695,2695
169,"Pauma and Yuima Reservation, CA",25000US2715,2715
270,"Pechanga Reservation, CA",25000US2745,2745
846,"Penobscot Reservation and Off-Reservation Trust Land, ME",25000US2760,2760
367,"Picayune Rancheria and Off-Reservation Trust Land, CA",25000US2775,2775
1793,"Picuris Pueblo, NM",25000US2785,2785
19282,"Pine Ridge Reservation, SD--NE",25000US2810,2810
140,"Pinoleville Rancheria, CA",25000US2820,2820
0,"Pit River Trust Land, CA",25000US2835,2835
787,"Pleasant Point Reservation, ME",25000US2850,2850
443,"Poarch Creek Reservation and Off-Reservation Trust Land, AL--FL",25000US2865,2865
66,"Pokagon Reservation and Off-Reservation Trust Land, MI",25000US2890,2890
15,"Ponca (NE) Trust Land, NE--IA",25000US2900,2900
725,"Port Gamble Reservation and Off-Reservation Trust Land, WA",25000US2910,2910
7613,"Port Madison Reservation, WA",25000US2925,2925
1458,"Prairie Band of Potawatomi Nation Reservation, KS",25000US2980,2980
197,"Prairie Island Indian Community and Off-Reservation Trust Land, MN",25000US2985,2985
3811,"Pueblo of Pojoaque and Off-Reservation Trust Land, NM",25000US2990,2990
47823,"Puyallup Reservation and Off-Reservation Trust Land, WA",25000US3000,3000
1640,"Pyramid Lake Paiute Reservation, NV",25000US3010,3010
257,"Quartz Valley Reservation and Off-Reservation Trust Land, CA",25000US3020,3020
448,"Quileute Reservation, WA",25000US3030,3030
1272,"Quinault Reservation, WA",25000US3040,3040
0,"Ramona Village, CA",25000US3070,3070
1079,"Red Cliff Reservation and Off-Reservation Trust Land, WI",25000US3085,3085
36,"Redding Rancheria, CA",25000US3095,3095
5907,"Red Lake Reservation, MN",25000US3100,3100
265,"Redwood Valley Rancheria, CA",25000US3115,3115
1002,"Reno-Sparks Indian Colony, NV",25000US3130,3130
18,"Resighini Rancheria, CA",25000US3145,3145
1131,"Rincon Reservation, CA",25000US3165,3165
15,"Roaring Creek Rancheria, CA",25000US3185,3185
206,"Robinson Rancheria and Off-Reservation Trust Land, CA",25000US3195,3195
3913,"Rocky Boy's Reservation and Off-Reservation Trust Land, MT",25000US3205,3205
20,"Rohnerville Rancheria, CA",25000US3220,3220
11315,"Rosebud Indian Reservation and Off-Reservation Trust Land, SD",25000US3235,3235
337,"Round Valley Reservation and Off-Reservation Trust Land, CA",25000US3250,3250
0,"Rumsey Indian Rancheria, CA",25000US3265,3265
1232,"Sac and Fox/Meskwaki Settlement and Off-Reservation Trust Land, IA",25000US3280,3280
204,"Sac and Fox Nation Reservation and Off-Reservation Trust Land, NE--KS",25000US3285,3285
656,"St. Croix Reservation and Off-Reservation Trust Land, WI",25000US3305,3305
3244,"St. Regis Mohawk Reservation, NY",25000US3320,3320
6132,"Salt River Reservation, AZ",25000US3340,3340
10419,"San Carlos Reservation, AZ",25000US3355,3355
5069,"Sandia Pueblo, NM",25000US3370,3370
4261,"San Felipe Pueblo, NM",25000US3400,3400
1924,"San Ildefonso Pueblo and Off-Reservation Trust Land, NM",25000US3415,3415
132,"San Manuel Reservation and Off-Reservation Trust Land, CA",25000US3445,3445
819,"San Pasqual Reservation, CA",25000US3460,3460
695,"Santa Ana Pueblo, NM",25000US3480,3480
11613,"Santa Clara Pueblo and Off-Reservation Trust Land, NM",25000US3495,3495
775,"Santa Rosa Rancheria, CA",25000US3520,3520
139,"Santa Rosa Reservation, CA",25000US3525,3525
269,"Santa Ynez Reservation, CA",25000US3540,3540
297,"Santa Ysabel Reservation, CA",25000US3550,3550
1019,"Santee Reservation, NE",25000US3565,3565
3349,"Santo Domingo Pueblo, NM",25000US3585,3585
61,"Sauk-Suiattle Reservation, WA",25000US3625,3625
2295,"Sault Ste. Marie Reservation and Off-Reservation Trust Land, MI",25000US3635,3635
0,"Seminole (FL) Trust Land, FL",25000US3665,3665
510,"Shakopee Mdewakanton Sioux Community and Off-Reservation Trust Land, MN",25000US3680,3680
133,"Sherwood Valley Rancheria and Off-Reservation Trust Land, CA",25000US3735,3735
106,"Shingle Springs Rancheria and Off-Reservation Trust Land, CA",25000US3750,3750
140,"Shoalwater Bay Indian Reservation and Off-Reservation Trust Land, WA",25000US3780,3780
530,"Siletz Reservation and Off-Reservation Trust Land, OR",25000US3795,3795
758,"Skokomish Reservation, WA",25000US3825,3825
35,"Skull Valley Reservation, UT",25000US3840,3840
113,"Smith River Rancheria and Off-Reservation Trust Land, CA",25000US3855,3855
0,"Snoqualmie Reservation, WA",25000US3860,3860
525,"Soboba Reservation and Off-Reservation Trust Land, CA",25000US3870,3870
602,"Sokaogon Chippewa Community and Off-Reservation Trust Land, WI",25000US3885,3885
13043,"Southern Ute Reservation, CO",25000US3925,3925
96,"South Fork Reservation and Off-Reservation Trust Land, NV",25000US3930,3930
4240,"Spirit Lake Reservation, ND",25000US3935,3935
2064,"Spokane Reservation and Off-Reservation Trust Land, WA",25000US3940,3940
470,"Squaxin Island Reservation and Off-Reservation Trust Land, WA",25000US3955,3955
8452,"Standing Rock Reservation, SD--ND",25000US3970,3970
151,"Stewart Community, NV",25000US3980,3980
71,"Stewarts Point Rancheria, CA",25000US3985,3985
17,"Stillaguamish Reservation and Off-Reservation Trust Land, WA",25000US4000,4000
926,"Stockbridge Munsee Community and Off-Reservation Trust Land, WI",25000US4015,4015
75,"Sulphur Bank Rancheria, CA",25000US4030,4030
0,"Summit Lake Reservation and Off-Reservation Trust Land, NV",25000US4045,4045
655,"Susanville Indian Rancheria and Off-Reservation Trust Land, CA",25000US4060,4060
3071,"Swinomish Reservation and Off-Reservation Trust Land, WA",25000US4075,4075
185,"Sycuan Reservation and Off-Reservation Trust Land, CA",25000US4090,4090
99,"Table Bluff Reservation, CA",25000US4095,4095
35,"Table Mountain Rancheria, CA",25000US4110,4110
0,"Tampa Reservation, FL",25000US4130,4130
5181,"Taos Pueblo and Off-Reservation Trust Land, NM",25000US4140,4140
727,"Tesuque Pueblo and Off-Reservation Trust Land, NM",25000US4170,4170
23,"Timbi-Sha Shoshone Reservation and Off-Reservation Trust Land, CA--NV",25000US4180,4180
9969,"Tohono O'odham Nation Reservation and Off-Reservation Trust Land, AZ",25000US4200,4200
560,"Tonawanda Reservation, NY",25000US4225,4225
79,"Tonto Apache Reservation and Off-Reservation Trust Land, AZ",25000US4235,4235
4851,"Torres-Martinez Reservation, CA",25000US4255,4255
163,"Trinidad Rancheria and Off-Reservation Trust Land, CA",25000US4275,4275
10105,"Tulalip Reservation and Off-Reservation Trust Land, WA",25000US4290,4290
1388,"Tule River Reservation and Off-Reservation Trust Land, CA",25000US4300,4300
135,"Tunica-Biloxi Reservation and Off-Reservation Trust Land, LA",25000US4315,4315
146,"Tuolumne Rancheria, CA",25000US4330,4330
9006,"Turtle Mountain Reservation and Off-Reservation Trust Land, MT--ND--SD",25000US4345,4345
1061,"Tuscarora Nation Reservation, NY",25000US4360,4360
10,"Twenty-Nine Palms Reservation, CA",25000US4375,4375
25201,"Uintah and Ouray Reservation and Off-Reservation Trust Land, UT",25000US4390,4390
2837,"Umatilla Reservation and Off-Reservation Trust Land, OR",25000US4405,4405
146,"Upper Lake Rancheria, CA",25000US4430,4430
183,"Upper Sioux Community and Off-Reservation Trust Land, MN",25000US4445,4445
296,"Upper Skagit Reservation, WA",25000US4455,4455
1579,"Ute Mountain Reservation and Off-Reservation Trust Land, CO--NM--UT",25000US4470,4470
422,"Viejas Reservation, CA",25000US4500,4500
812,"Walker River Reservation, NV",25000US4515,4515
99,"Wampanoag-Aquinnah Trust Land, MA",25000US4530,4530
4207,"Warm Springs Reservation and Off-Reservation Trust Land, OR",25000US4545,4545
3064,"Washoe Ranches Trust Land, NV--CA",25000US4560,4560
71,"Wells Colony, NV",25000US4580,4580
9919,"White Earth Reservation and Off-Reservation Trust Land, MN",25000US4595,4595
27406,"Wind River Reservation and Off-Reservation Trust Land, WY",25000US4610,4610
2814,"Winnebago Reservation and Off-Reservation Trust Land, NE--IA",25000US4625,4625
26,"Winnemucca Indian Colony, NV",25000US4635,4635
233,"Woodfords Community, CA",25000US4665,4665
49,"XL Ranch Rancheria, CA",25000US4680,4680
31267,"Yakama Nation Reservation and Off-Reservation Trust Land, WA",25000US4690,4690
6652,"Yankton Reservation, SD",25000US4700,4700
1022,"Yavapai-Apache Nation Reservation, AZ",25000US4708,4708
247,"Yavapai-Prescott Reservation, AZ",25000US4710,4710
243,"Yerington Colony, NV",25000US4725,4725
160,"Yomba Reservation, NV",25000US4740,4740
898,"Ysleta del Sur Pueblo and Off-Reservation Trust Land, TX",25000US4755,4755
1235,"Yurok Reservation, CA",25000US4760,4760
886,"Zia Pueblo and Off-Reservation Trust Land, NM",25000US4770,4770
11065,"Zuni Reservation and Off-Reservation Trust Land, NM--AZ",25000US4785,4785
0,"Kickapoo (KS) Reservation/Sac and Fox Nation Trust Land joint-use area, KS",25000US4910,4910
0,"San Felipe Pueblo/Santa Ana Pueblo joint-use area, NM",25000US4930,4930
0,"San Felipe Pueblo/Santo Domingo Pueblo joint-use area, NM",25000US4940,4940
148,"Anahola (Agricultural) Hawaiian Home Land, HI",25000US5003,5003
1707,"Anahola (Residential) Hawaiian Home Land, HI",25000US5004,5004
0,"East Kapolei Hawaiian Home Land, HI",25000US5008,5008
0,"Haiku Hawaiian Home Land, HI",25000US5009,5009
24,"Hanapepe Hawaiian Home Land, HI",25000US5011,5011
73,"Homuula-Upper Piihonua Hawaiian Home Land, HI",25000US5018,5018
0,"Honokaia Hawaiian Home Land, HI",25000US5026,5026
0,"Honokowai Hawaiian Home Land, HI",25000US5029,5029
0,"Honolulu Makai Hawaiian Home Land, HI",25000US5030,5030
0,"Honomu Hawaiian Home Land, HI",25000US5031,5031
1327,"Hoolehua-Palaau Hawaiian Home Land, HI",25000US5033,5033
0,"Kahikinui Hawaiian Home Land, HI",25000US5041,5041
180,"Kakaina-Kumuhau Hawaiian Home Land, HI",25000US5043,5043
16,"Kalaeloa Hawaiian Home Land, HI",25000US5044,5044
342,"Kalamaula Hawaiian Home Land, HI",25000US5046,5046
73,"Kalaupapa Hawaiian Home Land, HI",25000US5051,5051
342,"Kalawahine Hawaiian Home Land, HI",25000US5053,5053
12,"Kamaoa-Puueo Hawaiian Home Land, HI",25000US5056,5056
50,"Kamiloloa-Makakupaia Hawaiian Home Land, HI",25000US5061,5061
17,"Kamoku-Kapulena Hawaiian Home Land, HI",25000US5066,5066
495,"Kanehili Hawaiian Home Land, HI",25000US5067,5067
0,"Kaohe-Olaa Hawaiian Home Land, HI",25000US5069,5069
0,"Kapaa Hawaiian Home Land, HI",25000US5071,5071
188,"Kapaakea Hawaiian Home Land, HI",25000US5076,5076
0,"Kapolei Hawaiian Home Land, HI",25000US5083,5083
143,"Kaumana Hawaiian Home Land, HI",25000US5086,5086
991,"Kaupea Hawaiian Home Land, HI",25000US5088,5088
452,"Kawaihae Hawaiian Home Land, HI",25000US5091,5091
0,"Keahuolu Hawaiian Home Land, HI",25000US5098,5098
1045,"Kealakehe Hawaiian Home Land, HI",25000US5101,5101
9,"Keanae-Wailua Hawaiian Home Land, HI",25000US5104,5104
1630,"Keaukaha Hawaiian Home Land, HI",25000US5106,5106
503,"Kekaha Hawaiian Home Land, HI",25000US5111,5111
60,"Keokea (Agricultural) Hawaiian Home Land, HI",25000US5114,5114
0,"Keoniki Hawaiian Home Land, HI",25000US5116,5116
261,"Kewalo Hawaiian Home Land, HI",25000US5120,5120
0,"Kolaoa Hawaiian Home Land, HI",25000US5123,5123
86,"Lalamilo Hawaiian Home Land, HI",25000US5133,5133
41,"Lanai City Hawaiian Home Land, HI",25000US5134,5134
526,"Leialii Hawaiian Home Land, HI",25000US5135,5135
124,"Lualualei Hawaiian Home Land, HI",25000US5136,5136
502,"Maili Hawaiian Home Land, HI",25000US5138,5138
0,"Makaha Valley Hawaiian Home Land, HI",25000US5139,5139
104,"Makuu Hawaiian Home Land, HI",25000US5146,5146
900,"Maluohai Hawaiian Home Land, HI",25000US5148,5148
7,"Moloaa Hawaiian Home Land, HI",25000US5156,5156
5148,"Nanakuli Hawaiian Home Land, HI",25000US5161,5161
69,"Nienie Hawaiian Home Land, HI",25000US5166,5166
744,"Panaewa (Agricultural) Hawaiian Home Land, HI",25000US5176,5176
1281,"Panaewa (Residential) Hawaiian Home Land, HI",25000US5177,5177
1265,"Papakolea Hawaiian Home Land, HI",25000US5179,5179
0,"Pauahi Hawaiian Home Land, HI",25000US5181,5181
962,"Paukukalo Hawaiian Home Land, HI",25000US5186,5186
154,"Pearl City Hawaiian Home Land, HI",25000US5188,5188
30,"Piihonua Hawaiian Home Land, HI",25000US5193,5193
3,"Ponohawaii Hawaiian Home Land, HI",25000US5196,5196
1203,"Princess Kahanu Estates Hawaiian Home Land, HI",25000US5198,5198
0,"Pulehunui Hawaiian Home Land, HI",25000US5199,5199
912,"Puukapu Hawaiian Home Land, HI",25000US5201,5201
0,"South Maui Hawaiian Home Land, HI",25000US5213,5213
7,"Ualapue Hawaiian Home Land, HI",25000US5216,5216
0,"Upolu Hawaiian Home Land, HI",25000US5222,5222
25,"Waiahole Hawaiian Home Land, HI",25000US5223,5223
0,"Waiakea Hawaiian Home Land, HI",25000US5236,5236
2744,"Waianae Hawaiian Home Land, HI",25000US5238,5238
448,"Waianae Kai Hawaiian Home Land, HI",25000US5239,5239
1630,"Waiehu Hawaiian Home Land, HI",25000US5241,5241
0,"Waiku-Hana Hawaiian Home Land, HI",25000US5248,5248
0,"Wailau Hawaiian Home Land, HI",25000US5251,5251
0,"Wailua Hawaiian Home Land, HI",25000US5256,5256
2883,"Waimanalo Hawaiian Home Land, HI",25000US5271,5271
0,"Waimanu Hawaiian Home Land, HI",25000US5276,5276
0,"Waimea Hawaiian Home Land, HI",25000US5281,5281
0,"Waiohinu Hawaiian Home Land, HI",25000US5283,5283
952,"Waiohuli (Residential) Hawaiian Home Land, HI",25000US5286,5286
15173,"Caddo-Wichita-Delaware OTSA, OK",25000US5540,5540
509005,"Cherokee OTSA, OK",25000US5550,5550
177614,"Cheyenne-Arapaho OTSA, OK",25000US5560,5560
306859,"Chickasaw OTSA, OK",25000US5580,5580
232409,"Choctaw OTSA, OK",25000US5590,5590
119624,"Citizen Potawatomi Nation-Absentee Shawnee OTSA, OK",25000US5600,5600
769934,"Creek OTSA, OK",25000US5620,5620
848,"Eastern Shawnee OTSA, OK",25000US5640,5640
6630,"Iowa OTSA, OK",25000US5670,5670
5721,"Kaw OTSA, OK",25000US5690,5690
20199,"Kickapoo OTSA, OK",25000US5700,5700
198146,"Kiowa-Comanche-Apache-Fort Sill Apache OTSA, OK",25000US5720,5720
215,"Miami OTSA, OK",25000US5730,5730
421,"Modoc OTSA, OK",25000US5740,5740
786,"Otoe-Missouria OTSA, OK",25000US5760,5760
5786,"Ottawa OTSA, OK",25000US5770,5770
16417,"Pawnee OTSA, OK",25000US5780,5780
4986,"Peoria OTSA, OK",25000US5795,5795
2064,"Ponca OTSA, OK",25000US5800,5800
5791,"Quapaw OTSA, OK",25000US5810,5810
58084,"Sac and Fox OTSA, OK",25000US5820,5820
23339,"Seminole OTSA, OK",25000US5830,5830
4611,"Seneca-Cayuga OTSA, OK",25000US5835,5835
4047,"Tonkawa OTSA, OK",25000US5860,5860
1728,"Wyandotte OTSA, OK",25000US5890,5890
2121,"Creek/Seminole joint-use OTSA, OK",25000US5915,5915
26825,"Kaw/Ponca joint-use OTSA, OK",25000US5950,5950
11469,"Kiowa-Comanche-Apache-Ft Sill Apache/Caddo-Wichita-Delaware joint-use OTSA, OK",25000US5955,5955
4200,"Miami/Peoria joint-use OTSA, OK",25000US5970,5970
103,"Akhiok ANVSA, AK",25000US6015,6015
590,"Akiachak ANVSA, AK",25000US6020,6020
407,"Akiak ANVSA, AK",25000US6025,6025
874,"Akutan ANVSA, AK",25000US6030,6030
733,"Alakanuk ANVSA, AK",25000US6035,6035
2,"Alatna ANVSA, AK",25000US6040,6040
231,"Aleknagik ANVSA, AK",25000US6045,6045
446,"Algaaciq ANVSA, AK",25000US6065,6065
143,"Allakaket ANVSA, AK",25000US6070,6070
329,"Ambler ANVSA, AK",25000US6075,6075
233,"Anaktuvuk Pass ANVSA, AK",25000US6080,6080
105,"Andreafsky ANVSA, AK",25000US6095,6095
416,"Angoon ANVSA, AK",25000US6100,6100
527,"Aniak ANVSA, AK",25000US6105,6105
86,"Anvik ANVSA, AK",25000US6125,6125
118,"Arctic Village ANVSA, AK",25000US6140,6140
66,"Atka ANVSA, AK",25000US6150,6150
288,"Atmautluak ANVSA, AK",25000US6160,6160
219,"Atqasuk ANVSA, AK",25000US6165,6165
4296,"Barrow ANVSA, AK",25000US6175,6175
86,"Beaver ANVSA, AK",25000US6190,6190
0,"Belkofski ANVSA, AK",25000US6195,6195
6295,"Bethel ANVSA, AK",25000US6205,6205
0,"Bill Moore's ANVSA, AK",25000US6225,6225
11,"Birch Creek ANVSA, AK",25000US6235,6235
439,"Brevig Mission ANVSA, AK",25000US6240,6240
582,"Buckland ANVSA, AK",25000US6250,6250
197,"Cantwell ANVSA, AK",25000US6255,6255
0,"Canyon Village ANVSA, AK",25000US6257,6257
85,"Chalkyitsik ANVSA, AK",25000US6265,6265
474,"Chefornak ANVSA, AK",25000US6275,6275
72,"Chenega ANVSA, AK",25000US6280,6280
986,"Chevak ANVSA, AK",25000US6285,6285
24527,"Chickaloon ANVSA, AK",25000US6290,6290
86,"Chignik ANVSA, AK",25000US6295,6295
60,"Chignik Lagoon ANVSA, AK",25000US6300,6300
58,"Chignik Lake ANVSA, AK",25000US6305,6305
67,"Chilkat ANVSA, AK",25000US6310,6310
386,"Chilkoot ANVSA, AK",25000US6315,6315
75,"Chistochina ANVSA, AK",25000US6325,6325
74,"Chitina ANVSA, AK",25000US6330,6330
104,"Chuathbaluk ANVSA, AK",25000US6335,6335
0,"Chulloonawick ANVSA, AK",25000US6340,6340
103,"Circle ANVSA, AK",25000US6350,6350
75,"Clarks Point ANVSA, AK",25000US6360,6360
548,"Copper Center ANVSA, AK",25000US6365,6365
0,"Council ANVSA, AK",25000US6380,6380
1751,"Craig ANVSA, AK",25000US6385,6385
104,"Crooked Creek ANVSA, AK",25000US6390,6390
128,"Deering ANVSA, AK",25000US6400,6400
2281,"Dillingham ANVSA, AK",25000US6405,6405
38,"Dot Lake ANVSA, AK",25000US6415,6415
5843,"Douglas ANVSA, AK",25000US6420,6420
11,"Eagle ANVSA, AK",25000US6430,6430
425,"Eek ANVSA, AK",25000US6440,6440
74,"Egegik ANVSA, AK",25000US6445,6445
83,"Eklutna ANVSA, AK",25000US6450,6450
0,"Ekuk ANVSA, AK",25000US6455,6455
100,"Ekwok ANVSA, AK",25000US6460,6460
319,"Elim ANVSA, AK",25000US6470,6470
819,"Emmonak ANVSA, AK",25000US6480,6480
32,"Evansville ANVSA, AK",25000US6490,6490
128,"Eyak ANVSA, AK",25000US6495,6495
31,"False Pass ANVSA, AK",25000US6500,6500
514,"Fort Yukon ANVSA, AK",25000US6515,6515
84,"Gakona ANVSA, AK",25000US6520,6520
539,"Galena ANVSA, AK",25000US6525,6525
702,"Gambell ANVSA, AK",25000US6530,6530
0,"Georgetown ANVSA, AK",25000US6535,6535
122,"Golovin ANVSA, AK",25000US6540,6540
237,"Goodnews Bay ANVSA, AK",25000US6545,6545
151,"Grayling ANVSA, AK",25000US6550,6550
123,"Gulkana ANVSA, AK",25000US6560,6560
0,"Hamilton ANVSA, AK",25000US6570,6570
0,"Healy Lake ANVSA, AK",25000US6575,6575
209,"Holy Cross ANVSA, AK",25000US6585,6585
772,"Hoonah ANVSA, AK",25000US6590,6590
1259,"Hooper Bay ANVSA, AK",25000US6595,6595
63,"Hughes ANVSA, AK",25000US6605,6605
379,"Huslia ANVSA, AK",25000US6610,6610
356,"Hydaburg ANVSA, AK",25000US6615,6615
37,"Igiugig ANVSA, AK",25000US6620,6620
71,"Iliamna ANVSA, AK",25000US6625,6625
65,"Inalik ANVSA, AK",25000US6630,6630
0,"Ivanof Bay ANVSA, AK",25000US6650,6650
592,"Kake ANVSA, AK",25000US6670,6670
176,"Kaktovik ANVSA, AK",25000US6680,6680
257,"Kalskag ANVSA, AK",25000US6685,6685
200,"Kaltag ANVSA, AK",25000US6690,6690
30,"Karluk ANVSA, AK",25000US6700,6700
67,"Kasaan ANVSA, AK",25000US6705,6705
537,"Kasigluk ANVSA, AK",25000US6710,6710
33394,"Kenaitze ANVSA, AK",25000US6720,6720
13070,"Ketchikan ANVSA, AK",25000US6725,6725
371,"Kiana ANVSA, AK",25000US6730,6730
900,"King Cove ANVSA, AK",25000US6735,6735
167,"King Salmon ANVSA, AK",25000US6740,6740
700,"Kipnuk ANVSA, AK",25000US6750,6750
532,"Kivalina ANVSA, AK",25000US6755,6755
589,"Klawock ANVSA, AK",25000US6765,6765
69114,"Knik ANVSA, AK",25000US6785,6785
159,"Kobuk ANVSA, AK",25000US6790,6790
0,"Kodiak ANVSA, AK",25000US6795,6795
123,"Kokhanok ANVSA, AK",25000US6800,6800
368,"Kongiganak ANVSA, AK",25000US6810,6810
636,"Kotlik ANVSA, AK",25000US6815,6815
3273,"Kotzebue ANVSA, AK",25000US6820,6820
265,"Koyuk ANVSA, AK",25000US6825,6825
89,"Koyukuk ANVSA, AK",25000US6830,6830
763,"Kwethluk ANVSA, AK",25000US6835,6835
325,"Kwigillingok ANVSA, AK",25000US6840,6840
616,"Kwinhagak ANVSA, AK",25000US6845,6845
16,"Lake Minchumina ANVSA, AK",25000US6850,6850
52,"Larsen Bay ANVSA, AK",25000US6855,6855
0,"Lesnoi ANVSA, AK",25000US6860,6860
131,"Levelock ANVSA, AK",25000US6865,6865
22,"Lime Village ANVSA, AK",25000US6875,6875
340,"Lower Kalskag ANVSA, AK",25000US6890,6890
344,"McGrath ANVSA, AK",25000US6895,6895
80,"Manley Hot Springs ANVSA, AK",25000US6900,6900
673,"Manokotak ANVSA, AK",25000US6905,6905
320,"Marshall ANVSA, AK",25000US6910,6910
0,"Mary's Igloo ANVSA, AK",25000US6915,6915
177,"Mekoryuk ANVSA, AK",25000US6935,6935
223,"Mentasta Lake ANVSA, AK",25000US6945,6945
252,"Minto ANVSA, AK",25000US6965,6965
781,"Mountain Village ANVSA, AK",25000US6975,6975
600,"Naknek ANVSA, AK",25000US6990,6990
212,"Nanwalek ANVSA, AK",25000US6995,6995
0,"Napaimute ANVSA, AK",25000US7005,7005
365,"Napakiak ANVSA, AK",25000US7010,7010
430,"Napaskiak ANVSA, AK",25000US7020,7020
39,"Nelson Lagoon ANVSA, AK",25000US7025,7025
438,"Nenana ANVSA, AK",25000US7030,7030
175,"Newhalen ANVSA, AK",25000US7035,7035
164,"New Koliganek ANVSA, AK",25000US7040,7040
574,"New Stuyahok ANVSA, AK",25000US7050,7050
384,"Newtok ANVSA, AK",25000US7055,7055
263,"Nightmute ANVSA, AK",25000US7065,7065
75,"Nikolai ANVSA, AK",25000US7070,7070
34,"Nikolski ANVSA, AK",25000US7075,7075
14789,"Ninilchik ANVSA, AK",25000US7080,7080
452,"Noatak ANVSA, AK",25000US7085,7085
3748,"Nome ANVSA, AK",25000US7095,7095
214,"Nondalton ANVSA, AK",25000US7100,7100
598,"Noorvik ANVSA, AK",25000US7110,7110
305,"Northway ANVSA, AK",25000US7115,7115
371,"Nuiqsut ANVSA, AK",25000US7125,7125
272,"Nulato ANVSA, AK",25000US7130,7130
132,"Nunam Iqua ANVSA, AK",25000US7133,7133
459,"Nunapitchuk ANVSA, AK",25000US7135,7135
0,"Ohogamiut ANVSA, AK",25000US7145,7145
268,"Old Harbor ANVSA, AK",25000US7150,7150
29,"Oscarville ANVSA, AK",25000US7175,7175
278,"Ouzinkie ANVSA, AK",25000US7180,7180
0,"Paimiut ANVSA, AK",25000US7185,7185
22,"Pedro Bay ANVSA, AK",25000US7205,7205
116,"Perryville ANVSA, AK",25000US7215,7215
2410,"Petersburg ANVSA, AK",25000US7220,7220
47,"Pilot Point ANVSA, AK",25000US7225,7225
567,"Pilot Station ANVSA, AK",25000US7230,7230
136,"Pitkas Point ANVSA, AK",25000US7235,7235
42,"Platinum ANVSA, AK",25000US7245,7245
628,"Point Hope ANVSA, AK",25000US7250,7250
246,"Point Lay ANVSA, AK",25000US7255,7255
0,"Portage Creek ANVSA, AK",25000US7260,7260
147,"Port Alsworth ANVSA, AK",25000US7263,7263
166,"Port Graham ANVSA, AK",25000US7265,7265
84,"Port Heiden ANVSA, AK",25000US7270,7270
230,"Port Lions ANVSA, AK",25000US7275,7275
15,"Rampart ANVSA, AK",25000US7300,7300
32,"Red Devil ANVSA, AK",25000US7305,7305
208,"Ruby ANVSA, AK",25000US7310,7310
404,"Russian Mission ANVSA, AK",25000US7315,7315
33,"St. George ANVSA, AK",25000US7340,7340
406,"St. Michael ANVSA, AK",25000US7375,7375
612,"St. Paul ANVSA, AK",25000US7390,7390
1049,"Salamatof ANVSA, AK",25000US7400,7400
1371,"Sand Point ANVSA, AK",25000US7410,7410
872,"Savoonga ANVSA, AK",25000US7415,7415
470,"Saxman ANVSA, AK",25000US7420,7420
447,"Scammon Bay ANVSA, AK",25000US7425,7425
754,"Selawik ANVSA, AK",25000US7430,7430
500,"Seldovia ANVSA, AK",25000US7435,7435
58,"Shageluk ANVSA, AK",25000US7440,7440
212,"Shaktoolik ANVSA, AK",25000US7450,7450
629,"Shishmaref ANVSA, AK",25000US7465,7465
308,"Shungnak ANVSA, AK",25000US7470,7470
4762,"Sitka ANVSA, AK",25000US7475,7475
996,"Skagway ANVSA, AK",25000US7485,7485
98,"Sleetmute ANVSA, AK",25000US7495,7495
0,"Solomon ANVSA, AK",25000US7500,7500
60,"South Naknek ANVSA, AK",25000US7505,7505
538,"Stebbins ANVSA, AK",25000US7510,7510
69,"Stevens Village ANVSA, AK",25000US7520,7520
61,"Stony River ANVSA, AK",25000US7525,7525
56,"Takotna ANVSA, AK",25000US7530,7530
176,"Tanacross ANVSA, AK",25000US7535,7535
248,"Tanana ANVSA, AK",25000US7540,7540
69,"Tatitlek ANVSA, AK",25000US7555,7555
343,"Tazlina ANVSA, AK",25000US7560,7560
4,"Telida ANVSA, AK",25000US7565,7565
184,"Teller ANVSA, AK",25000US7570,7570
123,"Tetlin ANVSA, AK",25000US7580,7580
765,"Togiak ANVSA, AK",25000US7605,7605
626,"Toksook Bay ANVSA, AK",25000US7625,7625
421,"Tuluksak ANVSA, AK",25000US7630,7630
437,"Tuntutuliak ANVSA, AK",25000US7640,7640
297,"Tununak ANVSA, AK",25000US7645,7645
93,"Twin Hills ANVSA, AK",25000US7650,7650
231,"Tyonek ANVSA, AK",25000US7655,7655
13,"Ugashik ANVSA, AK",25000US7665,7665
716,"Unalakleet ANVSA, AK",25000US7690,7690
4536,"Unalaska ANVSA, AK",25000US7695,7695
155,"Venetie ANVSA, AK",25000US7725,7725
482,"Wainwright ANVSA, AK",25000US7735,7735
165,"Wales ANVSA, AK",25000US7740,7740
148,"White Mountain ANVSA, AK",25000US7745,7745
1281,"Wrangell ANVSA, AK",25000US7755,7755
587,"Yakutat ANVSA, AK",25000US7765,7765
2842,"Cayuga Nation TDSA, NY",25000US8100,8100
28,"Ione Band of Miwok TDSA, CA",25000US8300,8300
3535,"Mechoopda TDSA, CA",25000US8450,8450
36757,"Samish TDSA, WA",25000US8750,8750
1,"Golden Hill Paugussett (state) Reservation, CT",25000US9100,9100
2,"Hassanamisco (state) Reservation, MA",25000US9150,9150
28,"Mattaponi (state) Reservation, VA",25000US9230,9230
140,"MOWA Choctaw (state) Reservation, AL",25000US9240,9240
78,"Pamunkey (state) Reservation, VA",25000US9260,9260
18,"Paucatuck Eastern Pequot (state) Reservation, CT",25000US9280,9280
488,"Poospatuck (state) Reservation, NY",25000US9300,9300
8,"Schaghticoke (state) Reservation, CT",25000US9350,9350
244,"Shinnecock (state) Reservation, NY",25000US9370,9370
13,"Tama (state) Reservation, GA",25000US9400,9400
2760,"Adais Caddo SDTSA, LA",25000US9510,9510
6786,"Apache Choctaw SDTSA, LA",25000US9515,9515
1140,"Beaver Creek SDTSA, SC",25000US9525,9525
85051,"Cher-O-Creek SDTSA, AL",25000US9550,9550
13911,"Cherokee Tribe of Northeast Alabama SDTSA, AL",25000US9560,9560
3652,"Chickahominy SDTSA, VA",25000US9580,9580
411,"Clifton Choctaw SDTSA, LA",25000US9630,9630
61233,"Coharie SDTSA, NC",25000US9635,9635
193,"Eastern Chickahominy SDTSA, VA",25000US9675,9675
54637,"Echota Cherokee SDTSA, AL",25000US9680,9680
31375,"Four Winds Cherokee SDTSA, LA",25000US9720,9720
8554,"Haliwa-Saponi SDTSA, NC",25000US9745,9745
539,"Lenape Indian Tribe of Delaware SDTSA, DE",25000US9800,9800
496165,"Lumbee SDTSA, NC",25000US9815,9815
22539,"MaChis Lower Creek SDTSA, AL",25000US9820,9820
7863,"Meherrin SDTSA, NC",25000US9825,9825
7464,"Nanticoke Indian Tribe SDTSA, DE",25000US9830,9830
5828,"Nanticoke Lenni Lenape SDTSA, NJ",25000US9835,9835
8406,"Occaneechi-Saponi SDTSA, NC",25000US9838,9838
2482,"Pee Dee SDTSA, SC",25000US9844,9844
1065,"Ramapough SDTSA, NJ",25000US9850,9850
2553,"Sappony SDTSA, NC",25000US9865,9865
567,"Santee SDTSA, SC",25000US9875,9875
5698,"Star Muskogee Creek SDTSA, AL",25000US9880,9880
6162,"United Cherokee Ani-Yun-Wiya Nation SDTSA, AL",25000US9950,9950
203140,"United Houma Nation SDTSA, LA",25000US9960,9960
1406,"Upper South Carolina Pee Dee SDTSA, SC",25000US9963,9963
36,"Waccamaw SDTSA, SC",25000US9967,9967
2259,"Waccamaw Siouan SDTSA, NC",25000US9970,9970
1915,"Wassamasaw SDTSA, SC",25000US9975,9975
