B01003_001E,NAME,GEOID,metropolitan statistical area/micropolitan statistical area
18962,"Adjuntas, PR Micro Area",31000US10260,10260
325921,"Aguadilla-Isabela, PR Metro Area",31000US10380,10380
193243,"Arecibo, PR Metro Area",31000US11640,11640
40293,"Coamo, PR Micro Area",31000US17620,17620
30114,"Coco, PR Micro Area",31000US17640,17640
81159,"Guayama, PR Metro Area",31000US25020,25020
15890,"Jayuya, PR Micro Area",31000US27580,27580
100263,"Mayagüez, PR Metro Area",31000US32420,32420
330891,"Ponce, PR Metro Area",31000US38660,38660
133534,"San Germán, PR Metro Area",31000US41900,41900
2263582,"San Juan-Carolina-Caguas, PR Metro Area",31000US41980,41980
22913,"Santa Isabel, PR Micro Area",31000US42180,42180
42078,"Aberdeen, SD Micro Area",31000US10100,10100
71419,"Aberdeen, WA Micro Area",31000US10140,10140
167945,"Abilene, TX Metro Area",31000US10180,10180
38055,"Ada, OK Micro Area",31000US10220,10220
98902,"Adrian, MI Micro Area",31000US10300,10300
703744,"Akron, OH Metro Area",31000US10420,10420
65318,"Alamogordo, NM Micro Area",31000US10460,10460
155917,"Albany, GA Metro Area",31000US10500,10500
118971,"Albany, OR Metro Area",31000US10540,10540
877846,"Albany-Schenectady-Troy, NY Metro Area",31000US10580,10580
60586,"Albemarle, NC Micro Area",31000US10620,10620
30897,"Albert Lea, MN Micro Area",31000US10660,10660
94318,"Albertville, AL Micro Area",31000US10700,10700
902731,"Albuquerque, NM Metro Area",31000US10740,10740
154587,"Alexandria, LA Metro Area",31000US10780,10780
36620,"Alexandria, MN Micro Area",31000US10820,10820
41461,"Alice, TX Micro Area",31000US10860,10860
828232,"Allentown-Bethlehem-Easton, PA-NJ Metro Area",31000US10900,10900
41878,"Alma, MI Micro Area",31000US10940,10940
29068,"Alpena, MI Micro Area",31000US10980,10980
126448,"Altoona, PA Metro Area",31000US11020,11020
26056,"Altus, OK Micro Area",31000US11060,11060
259216,"Amarillo, TX Metro Area",31000US11100,11100
36503,"Americus, GA Micro Area",31000US11140,11140
93586,"Ames, IA Metro Area",31000US11180,11180
49779,"Amsterdam, NY Micro Area",31000US11220,11220
395285,"Anchorage, AK Metro Area",31000US11260,11260
16775,"Andrews, TX Micro Area",31000US11380,11380
34267,"Angola, IN Micro Area",31000US11420,11420
354092,"Ann Arbor, MI Metro Area",31000US11460,11460
116648,"Anniston-Oxford-Jacksonville, AL Metro Area",31000US11500,11500
230108,"Appleton, WI Metro Area",31000US11540,11540
34957,"Arcadia, FL Micro Area",31000US11580,11580
48442,"Ardmore, OK Micro Area",31000US11620,11620
22751,"Arkadelphia, AR Micro Area",31000US11660,11660
36079,"Arkansas City-Winfield, KS Micro Area",31000US11680,11680
437252,"Asheville, NC Metro Area",31000US11700,11700
53189,"Ashland, OH Micro Area",31000US11740,11740
99777,"Ashtabula, OH Micro Area",31000US11780,11780
37382,"Astoria, OR Micro Area",31000US11820,11820
16633,"Atchison, KS Micro Area",31000US11860,11860
64974,"Athens, OH Micro Area",31000US11900,11900
52506,"Athens, TN Micro Area",31000US11940,11940
79016,"Athens, TX Micro Area",31000US11980,11980
198225,"Athens-Clarke County, GA Metro Area",31000US12020,12020
5535837,"Atlanta-Sandy Springs-Roswell, GA Metro Area",31000US12060,12060
275376,"Atlantic City-Hammonton, NJ Metro Area",31000US12100,12100
42449,"Auburn, IN Micro Area",31000US12140,12140
79173,"Auburn, NY Micro Area",31000US12180,12180
150982,"Auburn-Opelika, AL Metro Area",31000US12220,12220
580178,"Augusta-Richmond County, GA-SC Metro Area",31000US12260,12260
121112,"Augusta-Waterville, ME Micro Area",31000US12300,12300
39227,"Austin, MN Micro Area",31000US12380,12380
1889094,"Austin-Round Rock, TX Metro Area",31000US12420,12420
27378,"Bainbridge, GA Micro Area",31000US12460,12460
865736,"Bakersfield, CA Metro Area",31000US12540,12540
2769818,"Baltimore-Columbia-Towson, MD Metro Area",31000US12580,12580
153437,"Bangor, ME Metro Area",31000US12620,12620
62992,"Baraboo, WI Micro Area",31000US12660,12660
44564,"Bardstown, KY Micro Area",31000US12680,12680
214766,"Barnstable Town, MA Metro Area",31000US12700,12700
59132,"Barre, VT Micro Area",31000US12740,12740
51760,"Bartlesville, OK Micro Area",31000US12780,12780
27012,"Bastrop, LA Micro Area",31000US12820,12820
59458,"Batavia, NY Micro Area",31000US12860,12860
36952,"Batesville, AR Micro Area",31000US12900,12900
819861,"Baton Rouge, LA Metro Area",31000US12940,12940
134790,"Battle Creek, MI Metro Area",31000US12980,12980
106698,"Bay City, MI Metro Area",31000US13020,13020
36598,"Bay City, TX Micro Area",31000US13060,13060
21818,"Beatrice, NE Micro Area",31000US13100,13100
405695,"Beaumont-Port Arthur, TX Metro Area",31000US13140,13140
88547,"Beaver Dam, WI Micro Area",31000US13180,13180
124027,"Beckley, WV Metro Area",31000US13220,13220
45814,"Bedford, IN Micro Area",31000US13260,13260
32659,"Beeville, TX Micro Area",31000US13300,13300
45484,"Bellefontaine, OH Micro Area",31000US13340,13340
207100,"Bellingham, WA Metro Area",31000US13380,13380
45434,"Bemidji, MN Micro Area",31000US13420,13420
166622,"Bend-Redmond, OR Metro Area",31000US13460,13460
27993,"Bennettsville, SC Micro Area",31000US13500,13500
36589,"Bennington, VT Micro Area",31000US13540,13540
38077,"Berlin, NH-VT Micro Area",31000US13620,13620
43301,"Big Rapids, MI Micro Area",31000US13660,13660
37285,"Big Spring, TX Micro Area",31000US13700,13700
60000,"Big Stone Gap, VA Micro Area",31000US13720,13720
164716,"Billings, MT Metro Area",31000US13740,13740
248292,"Binghamton, NY Metro Area",31000US13780,13780
1138476,"Birmingham-Hoover, AL Metro Area",31000US13820,13820
123407,"Bismarck, ND Metro Area",31000US13900,13900
45407,"Blackfoot, ID Micro Area",31000US13940,13940
180482,"Blacksburg-Christiansburg-Radford, VA Metro Area",31000US13980,13980
189502,"Bloomington, IL Metro Area",31000US14010,14010
163596,"Bloomington, IN Metro Area",31000US14020,14020
85420,"Bloomsburg-Berwick, PA Metro Area",31000US14100,14100
105761,"Bluefield, WV-VA Micro Area",31000US14140,14140
44864,"Blytheville, AR Micro Area",31000US14180,14180
46556,"Bogalusa, LA Micro Area",31000US14220,14220
651402,"Boise City, ID Metro Area",31000US14260,14260
26401,"Boone, IA Micro Area",31000US14340,14340
52240,"Boone, NC Micro Area",31000US14380,14380
21858,"Borger, TX Micro Area",31000US14420,14420
4694565,"Boston-Cambridge-Newton, MA-NH Metro Area",31000US14460,14460
310032,"Boulder, CO Metro Area",31000US14500,14500
164245,"Bowling Green, KY Metro Area",31000US14540,14540
95323,"Bozeman, MT Micro Area",31000US14580,14580
42884,"Bradford, PA Micro Area",31000US14620,14620
91567,"Brainerd, MN Micro Area",31000US14660,14660
84930,"Branson, MO Micro Area",31000US14700,14700
28940,"Breckenridge, CO Micro Area",31000US14720,14720
255441,"Bremerton-Silverdale, WA Metro Area",31000US14740,14740
34236,"Brenham, TX Micro Area",31000US14780,14780
32928,"Brevard, NC Micro Area",31000US14820,14820
939983,"Bridgeport-Stamford-Norwalk, CT Metro Area",31000US14860,14860
34765,"Brookhaven, MS Micro Area",31000US15020,15020
22338,"Brookings, OR Micro Area",31000US15060,15060
33046,"Brookings, SD Micro Area",31000US15100,15100
417947,"Brownsville-Harlingen, TX Metro Area",31000US15180,15180
37833,"Brownwood, TX Micro Area",31000US15220,15220
114202,"Brunswick, GA Metro Area",31000US15260,15260
42725,"Bucyrus, OH Micro Area",31000US15340,15340
1135734,"Buffalo-Cheektowaga-Niagara Falls, NY Metro Area",31000US15380,15380
43648,"Burley, ID Micro Area",31000US15420,15420
47250,"Burlington, IA-IL Micro Area",31000US15460,15460
155258,"Burlington, NC Metro Area",31000US15500,15500
215081,"Burlington-South Burlington, VT Metro Area",31000US15540,15540
34549,"Butte-Silver Bow, MT Micro Area",31000US15580,15580
47739,"Cadillac, MI Micro Area",31000US15620,15620
55889,"Calhoun, GA Micro Area",31000US15660,15660
109614,"California-Lexington Park, MD Metro Area",31000US15680,15680
32534,"Cambridge, MD Micro Area",31000US15700,15700
39626,"Cambridge, OH Micro Area",31000US15740,15740
30289,"Camden, AR Micro Area",31000US15780,15780
24993,"Campbellsville, KY Micro Area",31000US15820,15820
46809,"Cañon City, CO Micro Area",31000US15860,15860
36323,"Canton, IL Micro Area",31000US15900,15900
403340,"Canton-Massillon, OH Metro Area",31000US15940,15940
663675,"Cape Coral-Fort Myers, FL Metro Area",31000US15980,15980
97326,"Cape Girardeau, MO-IL Metro Area",31000US16020,16020
126655,"Carbondale-Marion, IL Metro Area",31000US16060,16060
55641,"Carlsbad-Artesia, NM Micro Area",31000US16100,16100
54482,"Carson City, NV Metro Area",31000US16180,16180
80011,"Casper, WY Metro Area",31000US16220,16220
47139,"Cedar City, UT Micro Area",31000US16260,16260
263003,"Cedar Rapids, IA Metro Area",31000US16300,16300
41215,"Cedartown, GA Micro Area",31000US16340,16340
40863,"Celina, OH Micro Area",31000US16380,16380
38665,"Centralia, IL Micro Area",31000US16460,16460
75515,"Centralia, WA Micro Area",31000US16500,16500
152285,"Chambersburg-Waynesboro, PA Metro Area",31000US16540,16540
236096,"Champaign-Urbana, IL Metro Area",31000US16580,16580
223922,"Charleston, WV Metro Area",31000US16620,16620
63980,"Charleston-Mattoon, IL Micro Area",31000US16660,16660
712232,"Charleston-North Charleston, SC Metro Area",31000US16700,16700
2338792,"Charlotte-Concord-Gastonia, NC-SC Metro Area",31000US16740,16740
225070,"Charlottesville, VA Metro Area",31000US16820,16820
541124,"Chattanooga, TN-GA Metro Area",31000US16860,16860
95431,"Cheyenne, WY Metro Area",31000US16940,16940
9534008,"Chicago-Naperville-Elgin, IL-IN-WI Metro Area",31000US16980,16980
222564,"Chico, CA Metro Area",31000US17020,17020
77334,"Chillicothe, OH Micro Area",31000US17060,17060
2139466,"Cincinnati, OH-KY-IN Metro Area",31000US17140,17140
217555,"Claremont-Lebanon, NH-VT Micro Area",31000US17200,17200
94176,"Clarksburg, WV Micro Area",31000US17220,17220
25254,"Clarksdale, MS Micro Area",31000US17260,17260
274389,"Clarksville, TN-KY Metro Area",31000US17300,17300
64158,"Clearlake, CA Micro Area",31000US17340,17340
33803,"Cleveland, MS Micro Area",31000US17380,17380
118749,"Cleveland, TN Metro Area",31000US17420,17420
2064483,"Cleveland-Elyria, OH Metro Area",31000US17460,17460
38363,"Clewiston, FL Micro Area",31000US17500,17500
48365,"Clinton, IA Micro Area",31000US17540,17540
50497,"Clovis, NM Micro Area",31000US17580,17580
145046,"Coeur d'Alene, ID Metro Area",31000US17660,17660
34184,"Coffeyville, KS Micro Area",31000US17700,17700
43706,"Coldwater, MI Micro Area",31000US17740,17740
239096,"College Station-Bryan, TX Metro Area",31000US17780,17780
678364,"Colorado Springs, CO Metro Area",31000US17820,17820
170770,"Columbia, MO Metro Area",31000US17860,17860
792530,"Columbia, SC Metro Area",31000US17900,17900
312016,"Columbus, GA-AL Metro Area",31000US17980,17980
79488,"Columbus, IN Metro Area",31000US18020,18020
59699,"Columbus, MS Micro Area",31000US18060,18060
32642,"Columbus, NE Micro Area",31000US18100,18100
1972375,"Columbus, OH Metro Area",31000US18140,18140
147262,"Concord, NH Micro Area",31000US18180,18180
23773,"Connersville, IN Micro Area",31000US18220,18220
107406,"Cookeville, TN Micro Area",31000US18260,18260
62775,"Coos Bay, OR Micro Area",31000US18300,18300
23314,"Cordele, GA Micro Area",31000US18380,18380
37319,"Corinth, MS Micro Area",31000US18420,18420
43527,"Cornelia, GA Micro Area",31000US18460,18460
98665,"Corning, NY Micro Area",31000US18500,18500
442422,"Corpus Christi, TX Metro Area",31000US18580,18580
48118,"Corsicana, TX Micro Area",31000US18620,18620
49043,"Cortland, NY Micro Area",31000US18660,18660
86495,"Corvallis, OR Metro Area",31000US18700,18700
36724,"Coshocton, OH Micro Area",31000US18740,18740
13117,"Craig, CO Micro Area",31000US18780,18780
38172,"Crawfordsville, IN Micro Area",31000US18820,18820
27788,"Crescent City, CA Micro Area",31000US18860,18860
251724,"Crestview-Fort Walton Beach-Destin, FL Metro Area",31000US18880,18880
57455,"Crossville, TN Micro Area",31000US18900,18900
80965,"Cullman, AL Micro Area",31000US18980,18980
40812,"Cullowhee, NC Micro Area",31000US19000,19000
101304,"Cumberland, MD-WV Metro Area",31000US19060,19060
6833420,"Dallas-Fort Worth-Arlington, TX Metro Area",31000US19100,19100
142857,"Dalton, GA Metro Area",31000US19140,19140
80368,"Danville, IL Metro Area",31000US19180,19180
53886,"Danville, KY Micro Area",31000US19220,19220
105244,"Danville, VA Micro Area",31000US19260,19260
195121,"Daphne-Fairhope-Foley, AL Metro Area",31000US19300,19300
383145,"Davenport-Moline-Rock Island, IA-IL Metro Area",31000US19340,19340
801472,"Dayton, OH Metro Area",31000US19380,19380
32394,"Dayton, TN Micro Area",31000US19420,19420
153372,"Decatur, AL Metro Area",31000US19460,19460
109193,"Decatur, IL Metro Area",31000US19500,19500
34642,"Decatur, IN Micro Area",31000US19540,19540
38669,"Defiance, OH Micro Area",31000US19580,19580
48980,"Del Rio, TX Micro Area",31000US19620,19620
604502,"Deltona-Daytona Beach-Ormond Beach, FL Metro Area",31000US19660,19660
24789,"Deming, NM Micro Area",31000US19700,19700
2703972,"Denver-Aurora-Lakewood, CO Metro Area",31000US19740,19740
36259,"DeRidder, LA Micro Area",31000US19760,19760
601187,"Des Moines-West Des Moines, IA Metro Area",31000US19780,19780
4296416,"Detroit-Warren-Dearborn, MI Metro Area",31000US19820,19820
28628,"Dickinson, ND Micro Area",31000US19860,19860
35027,"Dixon, IL Micro Area",31000US19940,19940
34714,"Dodge City, KS Micro Area",31000US19980,19980
147601,"Dothan, AL Metro Area",31000US20020,20020
43003,"Douglas, GA Micro Area",31000US20060,20060
169509,"Dover, DE Metro Area",31000US20100,20100
57680,"Dublin, GA Micro Area",31000US20140,20140
81343,"DuBois, PA Micro Area",31000US20180,20180
95906,"Dubuque, IA Metro Area",31000US20220,20220
279748,"Duluth, MN-WI Metro Area",31000US20260,20260
22281,"Dumas, TX Micro Area",31000US20300,20300
44806,"Duncan, OK Micro Area",31000US20340,20340
124320,"Dunn, NC Micro Area",31000US20380,20380
53182,"Durango, CO Micro Area",31000US20420,20420
44003,"Durant, OK Micro Area",31000US20460,20460
534154,"Durham-Chapel Hill, NC Metro Area",31000US20500,20500
38054,"Dyersburg, TN Micro Area",31000US20540,20540
56548,"Eagle Pass, TX Micro Area",31000US20580,20580
37799,"Easton, MD Micro Area",31000US20660,20660
167881,"East Stroudsburg, PA Metro Area",31000US20700,20700
164490,"Eau Claire, WI Metro Area",31000US20740,20740
52576,"Edwards, CO Micro Area",31000US20780,20780
34332,"Effingham, IL Micro Area",31000US20820,20820
41264,"El Campo, TX Micro Area",31000US20900,20900
178206,"El Centro, CA Metro Area",31000US20940,20940
40633,"El Dorado, AR Micro Area",31000US20980,20980
63677,"Elizabeth City, NC Micro Area",31000US21020,21020
150776,"Elizabethtown-Fort Knox, KY Metro Area",31000US21060,21060
23300,"Elk City, OK Micro Area",31000US21120,21120
200685,"Elkhart-Goshen, IN Metro Area",31000US21140,21140
29365,"Elkins, WV Micro Area",31000US21180,21180
53231,"Elko, NV Micro Area",31000US21220,21220
42204,"Ellensburg, WA Micro Area",31000US21260,21260
88267,"Elmira, NY Metro Area",31000US21300,21300
834425,"El Paso, TX Metro Area",31000US21340,21340
33462,"Emporia, KS Micro Area",31000US21380,21380
62192,"Enid, OK Micro Area",31000US21420,21420
50884,"Enterprise, AL Micro Area",31000US21460,21460
279858,"Erie, PA Metro Area",31000US21500,21500
36712,"Escanaba, MI Micro Area",31000US21540,21540
39949,"Española, NM Micro Area",31000US21580,21580
357060,"Eugene, OR Metro Area",31000US21660,21660
135034,"Eureka-Arcata-Fortuna, CA Micro Area",31000US21700,21700
20930,"Evanston, WY Micro Area",31000US21740,21740
314263,"Evansville, IN-KY Metro Area",31000US21780,21780
99705,"Fairbanks, AK Metro Area",31000US21820,21820
17318,"Fairfield, IA Micro Area",31000US21840,21840
56790,"Fairmont, WV Micro Area",31000US21900,21900
24252,"Fallon, NV Micro Area",31000US21980,21980
223379,"Fargo, ND-MN Metro Area",31000US22020,22020
64886,"Faribault-Northfield, MN Micro Area",31000US22060,22060
66010,"Farmington, MO Micro Area",31000US22100,22100
125133,"Farmington, NM Metro Area",31000US22140,22140
375678,"Fayetteville, NC Metro Area",31000US22180,22180
493095,"Fayetteville-Springdale-Rogers, AR-MO Metro Area",31000US22220,22220
57511,"Fergus Falls, MN Micro Area",31000US22260,22260
51657,"Fernley, NV Micro Area",31000US22280,22280
75428,"Findlay, OH Micro Area",31000US22300,22300
17477,"Fitzgerald, GA Micro Area",31000US22340,22340
136701,"Flagstaff, AZ Metro Area",31000US22380,22380
415874,"Flint, MI Metro Area",31000US22420,22420
206252,"Florence, SC Metro Area",31000US22500,22500
147181,"Florence-Muscle Shoals, AL Metro Area",31000US22520,22520
101920,"Fond du Lac, WI Metro Area",31000US22540,22540
66865,"Forest City, NC Micro Area",31000US22580,22580
27345,"Forrest City, AR Micro Area",31000US22620,22620
318227,"Fort Collins, CO Metro Area",31000US22660,22660
37295,"Fort Dodge, IA Micro Area",31000US22700,22700
53443,"Fort Leonard Wood, MO Micro Area",31000US22780,22780
61026,"Fort Madison-Keokuk, IA-IL-MO Micro Area",31000US22800,22800
28359,"Fort Morgan, CO Micro Area",31000US22820,22820
52476,"Fort Polk South, LA Micro Area",31000US22860,22860
280384,"Fort Smith, AR-OK Metro Area",31000US22900,22900
424579,"Fort Wayne, IN Metro Area",31000US23060,23060
32835,"Frankfort, IN Micro Area",31000US23140,23140
71539,"Frankfort, KY Micro Area",31000US23180,23180
25398,"Fredericksburg, TX Micro Area",31000US23240,23240
46625,"Freeport, IL Micro Area",31000US23300,23300
36725,"Fremont, NE Micro Area",31000US23340,23340
60187,"Fremont, OH Micro Area",31000US23380,23380
956749,"Fresno, CA Metro Area",31000US23420,23420
103766,"Gadsden, AL Metro Area",31000US23460,23460
55863,"Gaffney, SC Micro Area",31000US23500,23500
271210,"Gainesville, FL Metro Area",31000US23540,23540
187916,"Gainesville, GA Metro Area",31000US23580,23580
38761,"Gainesville, TX Micro Area",31000US23620,23620
52112,"Galesburg, IL Micro Area",31000US23660,23660
73998,"Gallup, NM Micro Area",31000US23700,23700
41085,"Garden City, KS Micro Area",31000US23780,23780
47259,"Gardnerville Ranchos, NV Micro Area",31000US23820,23820
60572,"Georgetown, SC Micro Area",31000US23860,23860
101767,"Gettysburg, PA Metro Area",31000US23900,23900
48013,"Gillette, WY Micro Area",31000US23940,23940
52910,"Glasgow, KY Micro Area",31000US23980,23980
127880,"Glens Falls, NY Metro Area",31000US24020,24020
74496,"Glenwood Springs, CO Micro Area",31000US24060,24060
54606,"Gloversville, NY Micro Area",31000US24100,24100
124355,"Goldsboro, NC Metro Area",31000US24140,24140
100526,"Grand Forks, ND-MN Metro Area",31000US24220,24220
84015,"Grand Island, NE Metro Area",31000US24260,24260
147834,"Grand Junction, CO Metro Area",31000US24300,24300
1017877,"Grand Rapids-Wyoming, MI Metro Area",31000US24340,24340
27382,"Grants, NM Micro Area",31000US24380,24380
83409,"Grants Pass, OR Metro Area",31000US24420,24420
27399,"Great Bend, KS Micro Area",31000US24460,24460
82090,"Great Falls, MT Metro Area",31000US24500,24500
270948,"Greeley, CO Metro Area",31000US24540,24540
312676,"Green Bay, WI Metro Area",31000US24580,24580
68576,"Greeneville, TN Micro Area",31000US24620,24620
71144,"Greenfield Town, MA Micro Area",31000US24640,24640
741433,"Greensboro-High Point, NC Metro Area",31000US24660,24660
26240,"Greensburg, IN Micro Area",31000US24700,24700
49499,"Greenville, MS Micro Area",31000US24740,24740
173798,"Greenville, NC Metro Area",31000US24780,24780
52356,"Greenville, OH Micro Area",31000US24820,24820
852631,"Greenville-Anderson-Mauldin, SC Metro Area",31000US24860,24860
41854,"Greenwood, MS Micro Area",31000US24900,24900
94768,"Greenwood, SC Micro Area",31000US24940,24940
21591,"Grenada, MS Micro Area",31000US24980,24980
382571,"Gulfport-Biloxi-Pascagoula, MS Metro Area",31000US25060,25060
21588,"Guymon, OK Micro Area",31000US25100,25100
257994,"Hagerstown-Martinsburg, MD-WV Metro Area",31000US25180,25180
27621,"Hailey, ID Micro Area",31000US25200,25200
125486,"Hammond, LA Metro Area",31000US25220,25220
150998,"Hanford-Corcoran, CA Metro Area",31000US25260,25260
39083,"Hannibal, MO Micro Area",31000US25300,25300
558198,"Harrisburg-Carlisle, PA Metro Area",31000US25420,25420
45279,"Harrison, AR Micro Area",31000US25460,25460
129173,"Harrisonburg, VA Metro Area",31000US25500,25500
1214056,"Hartford-West Hartford-East Hartford, CT Metro Area",31000US25540,25540
31442,"Hastings, NE Micro Area",31000US25580,25580
147339,"Hattiesburg, MS Metro Area",31000US25620,25620
28993,"Hays, KS Micro Area",31000US25700,25700
26661,"Heber, UT Micro Area",31000US25720,25720
76859,"Helena, MT Micro Area",31000US25740,25740
20391,"Helena-West Helena, AR Micro Area",31000US25760,25760
44829,"Henderson, NC Micro Area",31000US25780,25780
19245,"Hereford, TX Micro Area",31000US25820,25820
87942,"Hermiston-Pendleton, OR Micro Area",31000US25840,25840
363074,"Hickory-Lenoir-Morganton, NC Metro Area",31000US25860,25860
46178,"Hillsdale, MI Micro Area",31000US25880,25880
191482,"Hilo, HI Micro Area",31000US25900,25900
197969,"Hilton Head Island-Bluffton-Beaufort, SC Metro Area",31000US25940,25940
81015,"Hinesville, GA Metro Area",31000US25980,25980
68149,"Hobbs, NM Micro Area",31000US26020,26020
112837,"Holland, MI Micro Area",31000US26090,26090
139654,"Homosassa Springs, FL Metro Area",31000US26140,26140
22749,"Hood River, OR Micro Area",31000US26220,26220
96954,"Hot Springs, AR Metro Area",31000US26300,26300
38858,"Houghton, MI Micro Area",31000US26340,26340
210216,"Houma-Thibodaux, LA Metro Area",31000US26380,26380
6346653,"Houston-The Woodlands-Sugar Land, TX Metro Area",31000US26420,26420
62195,"Hudson, NY Micro Area",31000US26460,26460
45906,"Huntingdon, PA Micro Area",31000US26500,26500
36863,"Huntington, IN Micro Area",31000US26540,26540
363700,"Huntington-Ashland, WV-KY-OH Metro Area",31000US26580,26580
435243,"Huntsville, AL Metro Area",31000US26620,26620
83735,"Huntsville, TX Micro Area",31000US26660,26660
18168,"Huron, SD Micro Area",31000US26700,26700
64058,"Hutchinson, KS Micro Area",31000US26740,26740
36046,"Hutchinson, MN Micro Area",31000US26780,26780
137233,"Idaho Falls, ID Metro Area",31000US26820,26820
87895,"Indiana, PA Micro Area",31000US26860,26860
1950674,"Indianapolis-Carmel-Anderson, IN Metro Area",31000US26900,26900
27911,"Indianola, MS Micro Area",31000US26940,26940
64064,"Ionia, MI Micro Area",31000US26960,26960
161453,"Iowa City, IA Metro Area",31000US26980,26980
30488,"Iron Mountain, MI-WI Micro Area",31000US27020,27020
103855,"Ithaca, NY Metro Area",31000US27060,27060
159759,"Jackson, MI Metro Area",31000US27100,27100
577070,"Jackson, MS Metro Area",31000US27140,27140
32854,"Jackson, OH Micro Area",31000US27160,27160
130108,"Jackson, TN Metro Area",31000US27180,27180
32596,"Jackson, WY-ID Micro Area",31000US27220,27220
1401600,"Jacksonville, FL Metro Area",31000US27260,27260
40327,"Jacksonville, IL Micro Area",31000US27300,27300
183753,"Jacksonville, NC Metro Area",31000US27340,27340
51167,"Jacksonville, TX Micro Area",31000US27380,27380
21076,"Jamestown, ND Micro Area",31000US27420,27420
132646,"Jamestown-Dunkirk-Fredonia, NY Micro Area",31000US27460,27460
160727,"Janesville-Beloit, WI Metro Area",31000US27500,27500
54978,"Jasper, IN Micro Area",31000US27540,27540
61420,"Jefferson, GA Micro Area",31000US27600,27600
150658,"Jefferson City, MO Metro Area",31000US27620,27620
30046,"Jesup, GA Micro Area",31000US27700,27700
200327,"Johnson City, TN Metro Area",31000US27740,27740
139381,"Johnstown, PA Metro Area",31000US27780,27780
125619,"Jonesboro, AR Metro Area",31000US27860,27860
175961,"Joplin, MO Metro Area",31000US27900,27900
36787,"Junction City, KS Micro Area",31000US27920,27920
32531,"Juneau, AK Micro Area",31000US27940,27940
160948,"Kahului-Wailuku-Lahaina, HI Metro Area",31000US27980,27980
332103,"Kalamazoo-Portage, MI Metro Area",31000US28020,28020
93333,"Kalispell, MT Micro Area",31000US28060,28060
112221,"Kankakee, IL Metro Area",31000US28100,28100
2055675,"Kansas City, MO-KS Metro Area",31000US28140,28140
69691,"Kapaa, HI Micro Area",31000US28180,28180
54507,"Kearney, NE Micro Area",31000US28260,28260
76430,"Keene, NH Micro Area",31000US28300,28300
47546,"Kendallville, IN Micro Area",31000US28340,28340
31562,"Kennett, MO Micro Area",31000US28380,28380
271373,"Kennewick-Richland, WA Metro Area",31000US28420,28420
50149,"Kerrville, TX Micro Area",31000US28500,28500
13699,"Ketchikan, AK Micro Area",31000US28540,28540
75901,"Key West, FL Micro Area",31000US28580,28580
39015,"Kill Devil Hills, NC Micro Area",31000US28620,28620
422388,"Killeen-Temple, TX Metro Area",31000US28660,28660
308200,"Kingsport-Bristol-Bristol, TN-VA Metro Area",31000US28700,28700
181300,"Kingston, NY Metro Area",31000US28740,28740
32594,"Kingsville, TX Micro Area",31000US28780,28780
58782,"Kinston, NC Micro Area",31000US28820,28820
29955,"Kirksville, MO Micro Area",31000US28860,28860
65972,"Klamath Falls, OR Micro Area",31000US28900,28900
852159,"Knoxville, TN Metro Area",31000US28940,28940
82765,"Kokomo, IN Metro Area",31000US29020,29020
60399,"Laconia, NH Micro Area",31000US29060,29060
135860,"La Crosse-Onalaska, WI-MN Metro Area",31000US29100,29100
480148,"Lafayette, LA Metro Area",31000US29180,29180
209718,"Lafayette-West Lafayette, IN Metro Area",31000US29200,29200
25745,"La Grande, OR Micro Area",31000US29260,29260
68867,"LaGrange, GA Micro Area",31000US29300,29300
202593,"Lake Charles, LA Metro Area",31000US29340,29340
67806,"Lake City, FL Micro Area",31000US29380,29380
203362,"Lake Havasu City-Kingman, AZ Metro Area",31000US29420,29420
626676,"Lakeland-Winter Haven, FL Metro Area",31000US29460,29460
13542,"Lamesa, TX Micro Area",31000US29500,29500
530216,"Lancaster, PA Metro Area",31000US29540,29540
468737,"Lansing-East Lansing, MI Metro Area",31000US29620,29620
37565,"Laramie, WY Micro Area",31000US29660,29660
263251,"Laredo, TX Metro Area",31000US29700,29700
213963,"Las Cruces, NM Metro Area",31000US29740,29740
28668,"Las Vegas, NM Micro Area",31000US29780,29780
2035572,"Las Vegas-Henderson-Paradise, NV Metro Area",31000US29820,29820
84864,"Laurel, MS Micro Area",31000US29860,29860
35932,"Laurinburg, NC Micro Area",31000US29900,29900
114967,"Lawrence, KS Metro Area",31000US29940,29940
42226,"Lawrenceburg, TN Micro Area",31000US29980,29980
131643,"Lawton, OK Metro Area",31000US30020,30020
35514,"Lebanon, MO Micro Area",31000US30060,30060
135776,"Lebanon, PA Metro Area",31000US30140,30140
23322,"Levelland, TX Micro Area",31000US30220,30220
44958,"Lewisburg, PA Micro Area",31000US30260,30260
31159,"Lewisburg, TN Micro Area",31000US30280,30280
61819,"Lewiston, ID-WA Metro Area",31000US30300,30300
107393,"Lewiston-Auburn, ME Metro Area",31000US30340,30340
46675,"Lewistown, PA Micro Area",31000US30380,30380
26045,"Lexington, NE Micro Area",31000US30420,30420
489799,"Lexington-Fayette, KY Metro Area",31000US30460,30460
23274,"Liberal, KS Micro Area",31000US30580,30580
105196,"Lima, OH Metro Area",31000US30620,30620
29956,"Lincoln, IL Micro Area",31000US30660,30660
315078,"Lincoln, NE Metro Area",31000US30700,30700
722684,"Little Rock-North Little Rock-Conway, AR Metro Area",31000US30780,30780
39614,"Lock Haven, PA Micro Area",31000US30820,30820
130363,"Logan, UT-ID Metro Area",31000US30860,30860
35760,"Logan, WV Micro Area",31000US30880,30880
38476,"Logansport, IN Micro Area",31000US30900,30900
127354,"London, KY Micro Area",31000US30940,30940
216731,"Longview, TX Metro Area",31000US30980,30980
102338,"Longview, WA Metro Area",31000US31020,31020
17939,"Los Alamos, NM Micro Area",31000US31060,31060
13154457,"Los Angeles-Long Beach-Anaheim, CA Metro Area",31000US31080,31080
1261936,"Louisville/Jefferson County, KY-IN Metro Area",31000US31140,31140
302553,"Lubbock, TX Metro Area",31000US31180,31180
28711,"Ludington, MI Micro Area",31000US31220,31220
87748,"Lufkin, TX Micro Area",31000US31260,31260
134871,"Lumberton, NC Micro Area",31000US31300,31300
256989,"Lynchburg, VA Metro Area",31000US31340,31340
32009,"Macomb, IL Micro Area",31000US31380,31380
231517,"Macon, GA Metro Area",31000US31420,31420
153187,"Madera, CA Metro Area",31000US31460,31460
32453,"Madison, IN Micro Area",31000US31500,31500
627618,"Madison, WI Metro Area",31000US31540,31540
46518,"Madisonville, KY Micro Area",31000US31580,31580
24327,"Magnolia, AR Micro Area",31000US31620,31620
51280,"Malone, NY Micro Area",31000US31660,31660
33316,"Malvern, AR Micro Area",31000US31680,31680
403972,"Manchester-Nashua, NH Metro Area",31000US31700,31700
97647,"Manhattan, KS Metro Area",31000US31740,31740
80521,"Manitowoc, WI Micro Area",31000US31820,31820
98211,"Mankato-North Mankato, MN Metro Area",31000US31860,31860
122312,"Mansfield, OH Metro Area",31000US31900,31900
61351,"Marietta, OH Micro Area",31000US31930,31930
65004,"Marinette, WI-MI Micro Area",31000US31940,31940
68896,"Marion, IN Micro Area",31000US31980,31980
44961,"Marion, NC Micro Area",31000US32000,32000
65943,"Marion, OH Micro Area",31000US32020,32020
67582,"Marquette, MI Micro Area",31000US32100,32100
25699,"Marshall, MN Micro Area",31000US32140,32140
23334,"Marshall, MO Micro Area",31000US32180,32180
66417,"Marshall, TX Micro Area",31000US32220,32220
40962,"Marshalltown, IA Micro Area",31000US32260,32260
34415,"Martin, TN Micro Area",31000US32280,32280
66204,"Martinsville, VA Micro Area",31000US32300,32300
23186,"Maryville, MO Micro Area",31000US32340,32340
51044,"Mason City, IA Micro Area",31000US32380,32380
37502,"Mayfield, KY Micro Area",31000US32460,32460
17296,"Maysville, KY Micro Area",31000US32500,32500
44961,"McAlester, OK Micro Area",31000US32540,32540
819217,"McAllen-Edinburg-Mission, TX Metro Area",31000US32580,32580
52915,"McComb, MS Micro Area",31000US32620,32620
40015,"McMinnville, TN Micro Area",31000US32660,32660
29252,"McPherson, KS Micro Area",31000US32700,32700
87343,"Meadville, PA Micro Area",31000US32740,32740
208363,"Medford, OR Metro Area",31000US32780,32780
1340336,"Memphis, TN-MS-AR Metro Area",31000US32820,32820
44159,"Menomonie, WI Micro Area",31000US32860,32860
263885,"Merced, CA Metro Area",31000US32900,32900
106405,"Meridian, MS Micro Area",31000US32940,32940
28286,"Merrill, WI Micro Area",31000US32980,32980
25783,"Mexico, MO Micro Area",31000US33020,33020
32085,"Miami, OK Micro Area",31000US33060,33060
5861000,"Miami-Fort Lauderdale-West Palm Beach, FL Metro Area",31000US33100,33100
111280,"Michigan City-La Porte, IN Metro Area",31000US33140,33140
27950,"Middlesborough, KY Micro Area",31000US33180,33180
83624,"Midland, MI Metro Area",31000US33220,33220
156542,"Midland, TX Metro Area",31000US33260,33260
54676,"Milledgeville, GA Micro Area",31000US33300,33300
1570006,"Milwaukee-Waukesha-West Allis, WI Metro Area",31000US33340,33340
27921,"Mineral Wells, TX Micro Area",31000US33420,33420
3458790,"Minneapolis-St. Paul-Bloomington, MN-WI Metro Area",31000US33460,33460
76115,"Minot, ND Micro Area",31000US33500,33500
111966,"Missoula, MT Metro Area",31000US33540,33540
23173,"Mitchell, SD Micro Area",31000US33580,33580
25135,"Moberly, MO Micro Area",31000US33620,33620
414251,"Mobile, AL Metro Area",31000US33660,33660
527367,"Modesto, CA Metro Area",31000US33700,33700
178302,"Monroe, LA Metro Area",31000US33740,33740
150436,"Monroe, MI Metro Area",31000US33780,33780
374864,"Montgomery, AL Metro Area",31000US33860,33860
40815,"Montrose, CO Micro Area",31000US33940,33940
68228,"Morehead City, NC Micro Area",31000US33980,33980
53441,"Morgan City, LA Micro Area",31000US34020,34020
135477,"Morgantown, WV Metro Area",31000US34060,34060
115489,"Morristown, TN Metro Area",31000US34100,34100
38339,"Moscow, ID Micro Area",31000US34140,34140
92070,"Moses Lake, WA Micro Area",31000US34180,34180
46024,"Moultrie, GA Micro Area",31000US34220,34220
41040,"Mountain Home, AR Micro Area",31000US34260,34260
26175,"Mountain Home, ID Micro Area",31000US34300,34300
73170,"Mount Airy, NC Micro Area",31000US34340,34340
70669,"Mount Pleasant, MI Micro Area",31000US34380,34380
32553,"Mount Pleasant, TX Micro Area",31000US34420,34420
45488,"Mount Sterling, KY Micro Area",31000US34460,34460
38578,"Mount Vernon, IL Micro Area",31000US34500,34500
61004,"Mount Vernon, OH Micro Area",31000US34540,34540
119343,"Mount Vernon-Anacortes, WA Metro Area",31000US34580,34580
117335,"Muncie, IN Metro Area",31000US34620,34620
38106,"Murray, KY Micro Area",31000US34660,34660
42913,"Muscatine, IA Micro Area",31000US34700,34700
171483,"Muskegon, MI Metro Area",31000US34740,34740
70224,"Muskogee, OK Micro Area",31000US34780,34780
406656,"Myrtle Beach-Conway-North Myrtle Beach, SC-NC Metro Area",31000US34820,34820
65531,"Nacogdoches, TX Micro Area",31000US34860,34860
140295,"Napa, CA Metro Area",31000US34900,34900
341091,"Naples-Immokalee-Marco Island, FL Metro Area",31000US34940,34940
1761848,"Nashville-Davidson--Murfreesboro--Franklin, TN Metro Area",31000US34980,34980
52428,"Natchez, MS-LA Micro Area",31000US35020,35020
39330,"Natchitoches, LA Micro Area",31000US35060,35060
127598,"New Bern, NC Metro Area",31000US35100,35100
37690,"Newberry, SC Micro Area",31000US35140,35140
49146,"New Castle, IN Micro Area",31000US35220,35220
89162,"New Castle, PA Micro Area",31000US35260,35260
862224,"New Haven-Milford, CT Metro Area",31000US35300,35300
1239697,"New Orleans-Metairie, LA Metro Area",31000US35380,35380
92697,"New Philadelphia-Dover, OH Micro Area",31000US35420,35420
46347,"Newport, OR Micro Area",31000US35440,35440
35321,"Newport, TN Micro Area",31000US35460,35460
36726,"Newton, IA Micro Area",31000US35500,35500
25391,"New Ulm, MN Micro Area",31000US35580,35580
19979950,"New York-Newark-Jersey City, NY-NJ-PA Metro Area",31000US35620,35620
155565,"Niles-Benton Harbor, MI Metro Area",31000US35660,35660
47073,"Nogales, AZ Micro Area",31000US35700,35700
48376,"Norfolk, NE Micro Area",31000US35740,35740
37180,"North Platte, NE Micro Area",31000US35820,35820
735767,"North Port-Sarasota-Bradenton, FL Metro Area",31000US35840,35840
28113,"North Vernon, IN Micro Area",31000US35860,35860
68946,"North Wilkesboro, NC Micro Area",31000US35900,35900
58937,"Norwalk, OH Micro Area",31000US35940,35940
273185,"Norwich-New London, CT Metro Area",31000US35980,35980
79329,"Oak Harbor, WA Micro Area",31000US36020,36020
336811,"Ocala, FL Metro Area",31000US36100,36100
95805,"Ocean City, NJ Metro Area",31000US36140,36140
149557,"Odessa, TX Metro Area",31000US36220,36220
623323,"Ogden-Clearfield, UT Metro Area",31000US36260,36260
112011,"Ogdensburg-Massena, NY Micro Area",31000US36300,36300
53906,"Oil City, PA Micro Area",31000US36340,36340
39255,"Okeechobee, FL Micro Area",31000US36380,36380
1318408,"Oklahoma City, OK Metro Area",31000US36420,36420
78962,"Olean, NY Micro Area",31000US36460,36460
262723,"Olympia-Tumwater, WA Metro Area",31000US36500,36500
895919,"Omaha-Council Bluffs, NE-IA Metro Area",31000US36540,36540
61399,"Oneonta, NY Micro Area",31000US36580,36580
53251,"Ontario, OR-ID Micro Area",31000US36620,36620
83613,"Opelousas, LA Micro Area",31000US36660,36660
90575,"Orangeburg, SC Micro Area",31000US36700,36700
2277816,"Orlando-Kissimmee-Sanford, FL Metro Area",31000US36740,36740
169004,"Oshkosh-Neenah, WI Metro Area",31000US36780,36780
22396,"Oskaloosa, IA Micro Area",31000US36820,36820
19081,"Othello, WA Micro Area",31000US36830,36830
25753,"Ottawa, KS Micro Area",31000US36840,36840
152516,"Ottawa-Peru, IL Micro Area",31000US36860,36860
44057,"Ottumwa, IA Micro Area",31000US36900,36900
36523,"Owatonna, MN Micro Area",31000US36940,36940
116342,"Owensboro, KY Metro Area",31000US36980,36980
69113,"Owosso, MI Micro Area",31000US37020,37020
51169,"Oxford, MS Micro Area",31000US37060,37060
58109,"Oxford, NC Micro Area",31000US37080,37080
840833,"Oxnard-Thousand Oaks-Ventura, CA Metro Area",31000US37100,37100
49866,"Ozark, AL Micro Area",31000US37120,37120
98074,"Paducah, KY-IL Micro Area",31000US37140,37140
42625,"Pahrump, NV Micro Area",31000US37220,37220
72696,"Palatka, FL Micro Area",31000US37260,37260
57915,"Palestine, TX Micro Area",31000US37300,37300
553591,"Palm Bay-Melbourne-Titusville, FL Metro Area",31000US37340,37340
22983,"Pampa, TX Micro Area",31000US37420,37420
191138,"Panama City, FL Metro Area",31000US37460,37460
43382,"Paragould, AR Micro Area",31000US37500,37500
32269,"Paris, TN Micro Area",31000US37540,37540
49566,"Paris, TX Micro Area",31000US37580,37580
92400,"Parkersburg-Vienna, WV Metro Area",31000US37620,37620
21048,"Parsons, KS Micro Area",31000US37660,37660
53165,"Payson, AZ Micro Area",31000US37740,37740
14179,"Pecos, TX Micro Area",31000US37780,37780
467348,"Pensacola-Ferry Pass-Brent, FL Metro Area",31000US37860,37860
379947,"Peoria, IL Metro Area",31000US37900,37900
36211,"Peru, IN Micro Area",31000US37940,37940
6035680,"Philadelphia-Camden-Wilmington, PA-NJ-DE-MD Metro Area",31000US37980,37980
4407915,"Phoenix-Mesa-Scottsdale, AZ Metro Area",31000US38060,38060
55196,"Picayune, MS Micro Area",31000US38100,38100
21897,"Pierre, SD Micro Area",31000US38180,38180
96120,"Pine Bluff, AR Metro Area",31000US38220,38220
91743,"Pinehurst-Southern Pines, NC Micro Area",31000US38240,38240
39304,"Pittsburg, KS Micro Area",31000US38260,38260
2358926,"Pittsburgh, PA Metro Area",31000US38300,38300
129288,"Pittsfield, MA Metro Area",31000US38340,38340
35504,"Plainview, TX Micro Area",31000US38380,38380
51489,"Platteville, WI Micro Area",31000US38420,38420
81685,"Plattsburgh, NY Micro Area",31000US38460,38460
46962,"Plymouth, IN Micro Area",31000US38500,38500
83604,"Pocatello, ID Metro Area",31000US38540,38540
57742,"Point Pleasant, WV-OH Micro Area",31000US38580,38580
45587,"Ponca City, OK Micro Area",31000US38620,38620
37689,"Pontiac, IL Micro Area",31000US38700,38700
42951,"Poplar Bluff, MO Micro Area",31000US38740,38740
19908,"Portales, NM Micro Area",31000US38780,38780
72397,"Port Angeles, WA Micro Area",31000US38820,38820
41162,"Port Clinton, OH Micro Area",31000US38840,38840
520893,"Portland-South Portland, ME Metro Area",31000US38860,38860
2320323,"Portland-Vancouver-Hillsboro, OR-WA Metro Area",31000US38900,38900
21666,"Port Lavaca, TX Micro Area",31000US38920,38920
439592,"Port St. Lucie, FL Metro Area",31000US38940,38940
78017,"Portsmouth, OH Micro Area",31000US39020,39020
146360,"Pottsville, PA Micro Area",31000US39060,39060
215996,"Prescott, AZ Metro Area",31000US39140,39140
20927,"Price, UT Micro Area",31000US39220,39220
20956,"Prineville, OR Micro Area",31000US39260,39260
1606424,"Providence-Warwick, RI-MA Metro Area",31000US39300,39300
562357,"Provo-Orem, UT Metro Area",31000US39340,39340
161519,"Pueblo, CO Metro Area",31000US39380,39380
46737,"Pullman, WA Micro Area",31000US39420,39420
165783,"Punta Gorda, FL Metro Area",31000US39460,39460
77253,"Quincy, IL-MO Micro Area",31000US39500,39500
194895,"Racine, WI Metro Area",31000US39540,39540
1216711,"Raleigh, NC Metro Area",31000US39580,39580
140860,"Rapid City, SD Metro Area",31000US39660,39660
22002,"Raymondville, TX Micro Area",31000US39700,39700
413965,"Reading, PA Metro Area",31000US39740,39740
63152,"Red Bluff, CA Micro Area",31000US39780,39780
178942,"Redding, CA Metro Area",31000US39820,39820
46377,"Red Wing, MN Micro Area",31000US39860,39860
438948,"Reno, NV Metro Area",31000US39900,39900
50861,"Rexburg, ID Micro Area",31000US39940,39940
67866,"Richmond, IN Micro Area",31000US39980,39980
1246215,"Richmond, VA Metro Area",31000US40060,40060
102780,"Richmond-Berea, KY Micro Area",31000US40080,40080
62648,"Rio Grande City, TX Micro Area",31000US40100,40100
4392801,"Riverside-San Bernardino-Ontario, CA Metro Area",31000US40140,40140
40755,"Riverton, WY Micro Area",31000US40180,40180
312216,"Roanoke, VA Metro Area",31000US40220,40220
74418,"Roanoke Rapids, NC Micro Area",31000US40260,40260
52397,"Rochelle, IL Micro Area",31000US40300,40300
211250,"Rochester, MN Metro Area",31000US40340,40340
1083156,"Rochester, NY Metro Area",31000US40380,40380
344290,"Rockford, IL Metro Area",31000US40420,40420
46046,"Rockingham, NC Micro Area",31000US40460,40460
44772,"Rock Springs, WY Micro Area",31000US40540,40540
150002,"Rocky Mount, NC Metro Area",31000US40580,40580
45029,"Rolla, MO Micro Area",31000US40620,40620
96169,"Rome, GA Metro Area",31000US40660,40660
107194,"Roseburg, OR Micro Area",31000US40700,40700
65811,"Roswell, NM Micro Area",31000US40740,40740
84665,"Russellville, AR Micro Area",31000US40780,40780
47349,"Ruston, LA Micro Area",31000US40820,40820
60530,"Rutland, VT Micro Area",31000US40860,40860
2221525,"Sacramento--Roseville--Arden-Arcade, CA Metro Area",31000US40900,40900
37407,"Safford, AZ Micro Area",31000US40940,40940
196479,"Saginaw, MI Metro Area",31000US40980,40980
191816,"St. Cloud, MN Metro Area",31000US41060,41060
148244,"St. George, UT Metro Area",31000US41100,41100
127530,"St. Joseph, MO-KS Metro Area",31000US41140,41140
2801914,"St. Louis, MO-IL Metro Area",31000US41180,41180
51445,"St. Marys, GA Micro Area",31000US41220,41220
105987,"Salem, OH Micro Area",31000US41400,41400
400523,"Salem, OR Metro Area",31000US41420,41420
61783,"Salina, KS Micro Area",31000US41460,41460
428441,"Salinas, CA Metro Area",31000US41500,41500
385983,"Salisbury, MD-DE Metro Area",31000US41540,41540
1139851,"Salt Lake City, UT Metro Area",31000US41620,41620
116700,"San Angelo, TX Metro Area",31000US41660,41660
2286702,"San Antonio-New Braunfels, TX Metro Area",31000US41700,41700
3223096,"San Diego-Carlsbad, CA Metro Area",31000US41740,41740
41066,"Sandpoint, ID Micro Area",31000US41760,41760
76141,"Sandusky, OH Micro Area",31000US41780,41780
59418,"Sanford, NC Micro Area",31000US41820,41820
4528894,"San Francisco-Oakland-Hayward, CA Metro Area",31000US41860,41860
1925706,"San Jose-Sunnyvale-Santa Clara, CA Metro Area",31000US41940,41940
276517,"San Luis Obispo-Paso Robles-Arroyo Grande, CA Metro Area",31000US42020,42020
269278,"Santa Cruz-Watsonville, CA Metro Area",31000US42100,42100
147108,"Santa Fe, NM Metro Area",31000US42140,42140
435850,"Santa Maria-Santa Barbara, CA Metro Area",31000US42200,42200
495078,"Santa Rosa, CA Metro Area",31000US42220,42220
38586,"Sault Ste. Marie, MI Micro Area",31000US42300,42300
367071,"Savannah, GA Metro Area",31000US42340,42340
62228,"Sayre, PA Micro Area",31000US42380,42380
38753,"Scottsbluff, NE Micro Area",31000US42420,42420
52860,"Scottsboro, AL Micro Area",31000US42460,42460
561701,"Scranton--Wilkes-Barre--Hazleton, PA Metro Area",31000US42540,42540
78660,"Searcy, AR Micro Area",31000US42620,42620
3614361,"Seattle-Tacoma-Bellevue, WA Metro Area",31000US42660,42660
142866,"Sebastian-Vero Beach, FL Metro Area",31000US42680,42680
98328,"Sebring, FL Metro Area",31000US42700,42700
42215,"Sedalia, MO Micro Area",31000US42740,42740
40046,"Selinsgrove, PA Micro Area",31000US42780,42780
42154,"Selma, AL Micro Area",31000US42820,42820
74949,"Seneca, SC Micro Area",31000US42860,42860
35144,"Seneca Falls, NY Micro Area",31000US42900,42900
93617,"Sevierville, TN Micro Area",31000US42940,42940
43471,"Seymour, IN Micro Area",31000US42980,42980
46014,"Shawano, WI Micro Area",31000US43020,43020
71136,"Shawnee, OK Micro Area",31000US43060,43060
115226,"Sheboygan, WI Metro Area",31000US43100,43100
97178,"Shelby, NC Micro Area",31000US43140,43140
45986,"Shelbyville, TN Micro Area",31000US43180,43180
60791,"Shelton, WA Micro Area",31000US43220,43220
29738,"Sheridan, WY Micro Area",31000US43260,43260
122780,"Sherman-Denison, TX Metro Area",31000US43300,43300
107656,"Show Low, AZ Micro Area",31000US43320,43320
445727,"Shreveport-Bossier City, LA Metro Area",31000US43340,43340
49067,"Sidney, OH Micro Area",31000US43380,43380
129647,"Sierra Vista-Douglas, AZ Metro Area",31000US43420,43420
39061,"Sikeston, MO Micro Area",31000US43460,43460
29119,"Silver City, NM Micro Area",31000US43500,43500
168889,"Sioux City, IA-NE-SD Metro Area",31000US43580,43580
242731,"Sioux Falls, SD Metro Area",31000US43620,43620
17238,"Snyder, TX Micro Area",31000US43660,43660
63635,"Somerset, KY Micro Area",31000US43700,43700
76617,"Somerset, PA Micro Area",31000US43740,43740
54079,"Sonora, CA Micro Area",31000US43760,43760
319198,"South Bend-Mishawaka, IN-MI Metro Area",31000US43780,43780
319365,"Spartanburg, SC Metro Area",31000US43900,43900
24645,"Spearfish, SD Micro Area",31000US43940,43940
16537,"Spencer, IA Micro Area",31000US43980,43980
16967,"Spirit Lake, IA Micro Area",31000US44020,44020
537348,"Spokane-Spokane Valley, WA Metro Area",31000US44060,44060
211627,"Springfield, IL Metro Area",31000US44100,44100
628800,"Springfield, MA Metro Area",31000US44140,44140
448471,"Springfield, MO Metro Area",31000US44180,44180
136827,"Springfield, OH Metro Area",31000US44220,44220
49048,"Starkville, MS Micro Area",31000US44260,44260
157823,"State College, PA Metro Area",31000US44300,44300
72386,"Statesboro, GA Micro Area",31000US44340,44340
119396,"Staunton-Waynesboro, VA Metro Area",31000US44420,44420
23606,"Steamboat Springs, CO Micro Area",31000US44460,44460
40039,"Stephenville, TX Micro Area",31000US44500,44500
21928,"Sterling, CO Micro Area",31000US44540,44540
57525,"Sterling, IL Micro Area",31000US44580,44580
70432,"Stevens Point, WI Micro Area",31000US44620,44620
79423,"Stillwater, OK Micro Area",31000US44660,44660
708554,"Stockton-Lodi, CA Metro Area",31000US44700,44700
20507,"Storm Lake, IA Micro Area",31000US44740,44740
61022,"Sturgis, MI Micro Area",31000US44780,44780
35645,"Sulphur Springs, TX Micro Area",31000US44860,44860
25241,"Summerville, GA Micro Area",31000US44900,44900
38521,"Summit Park, UT Micro Area",31000US44920,44920
107777,"Sumter, SC Metro Area",31000US44940,44940
94006,"Sunbury, PA Micro Area",31000US44980,44980
32645,"Susanville, CA Micro Area",31000US45000,45000
15061,"Sweetwater, TX Micro Area",31000US45020,45020
661914,"Syracuse, NY Metro Area",31000US45060,45060
48097,"Tahlequah, OK Micro Area",31000US45140,45140
92464,"Talladega-Sylacauga, AL Micro Area",31000US45180,45180
374690,"Tallahassee, FL Metro Area",31000US45220,45220
2888458,"Tampa-St. Petersburg-Clearwater, FL Metro Area",31000US45300,45300
32943,"Taos, NM Micro Area",31000US45340,45340
34200,"Taylorville, IL Micro Area",31000US45380,45380
171925,"Terre Haute, IN Metro Area",31000US45460,45460
149527,"Texarkana, TX-AR Metro Area",31000US45500,45500
25492,"The Dalles, OR Micro Area",31000US45520,45520
108501,"The Villages, FL Metro Area",31000US45540,45540
26528,"Thomaston, GA Micro Area",31000US45580,45580
44824,"Thomasville, GA Micro Area",31000US45620,45620
55929,"Tiffin, OH Micro Area",31000US45660,45660
40787,"Tifton, GA Micro Area",31000US45700,45700
25620,"Toccoa, GA Micro Area",31000US45740,45740
607631,"Toledo, OH Metro Area",31000US45780,45780
234167,"Topeka, KS Metro Area",31000US45820,45820
186304,"Torrington, CT Micro Area",31000US45860,45860
146346,"Traverse City, MI Micro Area",31000US45900,45900
370212,"Trenton, NJ Metro Area",31000US45940,45940
33155,"Troy, AL Micro Area",31000US45980,45980
98570,"Truckee-Grass Valley, CA Micro Area",31000US46020,46020
998537,"Tucson, AZ Metro Area",31000US46060,46060
100937,"Tullahoma-Manchester, TN Micro Area",31000US46100,46100
962676,"Tulsa, OK Metro Area",31000US46140,46140
139004,"Tupelo, MS Micro Area",31000US46180,46180
235570,"Tuscaloosa, AL Metro Area",31000US46220,46220
102657,"Twin Falls, ID Micro Area",31000US46300,46300
217552,"Tyler, TX Metro Area",31000US46340,46340
87544,"Ukiah, CA Micro Area",31000US46380,46380
37551,"Union City, TN-KY Micro Area",31000US46460,46460
39393,"Urbana, OH Micro Area",31000US46500,46500
984178,"Urban Honolulu, HI Metro Area",31000US46520,46520
297592,"Utica-Rome, NY Metro Area",31000US46540,46540
26952,"Uvalde, TX Micro Area",31000US46620,46620
143291,"Valdosta, GA Metro Area",31000US46660,46660
425753,"Vallejo-Fairfield, CA Metro Area",31000US46700,46700
34079,"Valley, AL Micro Area",31000US46740,46740
28576,"Van Wert, OH Micro Area",31000US46780,46780
14011,"Vermillion, SD Micro Area",31000US46820,46820
35721,"Vernal, UT Micro Area",31000US46860,46860
13158,"Vernon, TX Micro Area",31000US46900,46900
57350,"Vicksburg, MS Micro Area",31000US46980,46980
97509,"Victoria, TX Metro Area",31000US47020,47020
36178,"Vidalia, GA Micro Area",31000US47080,47080
38062,"Vincennes, IN Micro Area",31000US47180,47180
157035,"Vineland-Bridgeton, NJ Metro Area",31000US47220,47220
17048,"Vineyard Haven, MA Micro Area",31000US47240,47240
1706878,"Virginia Beach-Norfolk-Newport News, VA-NC Metro Area",31000US47260,47260
454033,"Visalia-Porterville, CA Metro Area",31000US47300,47300
32358,"Wabash, IN Micro Area",31000US47340,47340
258915,"Waco, TX Metro Area",31000US47380,47380
22843,"Wahpeton, ND-MN Micro Area",31000US47420,47420
63715,"Walla Walla, WA Metro Area",31000US47460,47460
45873,"Wapakoneta, OH Micro Area",31000US47540,47540
186246,"Warner Robins, GA Metro Area",31000US47580,47580
40962,"Warren, PA Micro Area",31000US47620,47620
54155,"Warrensburg, MO Micro Area",31000US47660,47660
77983,"Warsaw, IN Micro Area",31000US47700,47700
32411,"Washington, IN Micro Area",31000US47780,47780
47561,"Washington, NC Micro Area",31000US47820,47820
5949403,"Washington-Arlington-Alexandria, DC-VA-MD-WV Metro Area",31000US47900,47900
28769,"Washington Court House, OH Micro Area",31000US47920,47920
169442,"Waterloo-Cedar Falls, IA Metro Area",31000US47940,47940
27750,"Watertown, SD Micro Area",31000US47980,47980
84345,"Watertown-Fort Atkinson, WI Micro Area",31000US48020,48020
118947,"Watertown-Fort Drum, NY Metro Area",31000US48060,48060
27468,"Wauchula, FL Micro Area",31000US48100,48100
135177,"Wausau, WI Metro Area",31000US48140,48140
54657,"Waycross, GA Micro Area",31000US48180,48180
28978,"Weatherford, OK Micro Area",31000US48220,48220
121919,"Weirton-Steubenville, WV-OH Metro Area",31000US48260,48260
113866,"Wenatchee, WA Metro Area",31000US48300,48300
40326,"West Plains, MO Micro Area",31000US48460,48460
145677,"Wheeling, WV-OH Metro Area",31000US48540,48540
103039,"Whitewater-Elkhorn, WI Micro Area",31000US48580,48580
638884,"Wichita, KS Metro Area",31000US48620,48620
151215,"Wichita Falls, TX Metro Area",31000US48660,48660
116656,"Williamsport, PA Metro Area",31000US48700,48700
29619,"Williston, ND Micro Area",31000US48780,48780
42444,"Willmar, MN Micro Area",31000US48820,48820
268257,"Wilmington, NC Metro Area",31000US48900,48900
41892,"Wilmington, OH Micro Area",31000US48940,48940
81581,"Wilson, NC Micro Area",31000US48980,48980
132050,"Winchester, VA-WV Metro Area",31000US49020,49020
17067,"Winnemucca, NV Micro Area",31000US49080,49080
51213,"Winona, MN Micro Area",31000US49100,49100
651630,"Winston-Salem, NC Metro Area",31000US49180,49180
74012,"Wisconsin Rapids-Marshfield, WI Micro Area",31000US49220,49220
20986,"Woodward, OK Micro Area",31000US49260,49260
115371,"Wooster, OH Micro Area",31000US49300,49300
928405,"Worcester, MA-CT Metro Area",31000US49340,49340
21687,"Worthington, MN Micro Area",31000US49380,49380
247408,"Yakima, WA Metro Area",31000US49420,49420
22636,"Yankton, SD Micro Area",31000US49460,49460
439660,"York-Hanover, PA Metro Area",31000US49620,49620
556243,"Youngstown-Warren-Boardman, OH-PA Metro Area",31000US49660,49660
168684,"Yuba City, CA Metro Area",31000US49700,49700
202987,"Yuma, AZ Metro Area",31000US49740,49740
86016,"Zanesville, OH Micro Area",31000US49780,49780
14308,"Zapata, TX Micro Area",31000US49820,49820
